id,daily_rain
0,0.203
1,0.203
2,0.203
3,0.203
4,0.203
5,0.203
6,0.203
7,0.203
8,0.203
9,0.203
10,0.203
11,0.203
12,0.203
13,0.203
14,0.203
15,0.203
16,0.9098
17,0.9098
18,0.9098
19,0.9098
20,0.9098
21,0.9098
22,0.9098
23,0.9098
24,0.9098
25,0.9098
26,0.9098
27,0.9098
28,0.1393
29,0.1393
30,0.1393
31,0.1393
32,0.1393
33,0.1393
34,0.1393
35,0.1393
36,0.1393
37,0.1393
38,0.1393
39,0.1393
40,0.1393
41,0.1393
42,0.1393
43,0.1393
44,0.1393
45,0.1393
46,0.1393
47,0.1393
48,0.1393
49,0.1393
50,0.1393
51,0.1393
52,0.0875
53,0.0875
54,0.0875
55,0.0875
56,0.0875
57,0.0875
58,0.0875
59,0.0875
60,0.0875
61,0.0875
62,0.0875
63,0.0875
64,0.0404
65,0.0404
66,0.0404
67,0.0404
68,0.0404
69,0.0404
70,0.0404
71,0.0404
72,0.0404
73,0.0404
74,0.0404
75,0.0404
76,0.0404
77,0.0404
78,0.0404
79,0.0404
80,0.0404
81,0.0404
82,0.0404
83,0.0404
84,0.0404
85,0.0404
86,0.0404
87,0.0404
88,0.0165
89,0.0165
90,0.0165
91,0.0165
92,0.0165
93,0.0165
94,0.0165
95,0.0165
96,0.0165
97,0.0165
98,0.0165
99,0.0165
100,0.0165
101,0.0165
102,0.0165
103,0.0165
104,0.0165
105,0.0165
106,0.0165
107,0.203
108,0.203
109,0.203
110,0.203
111,0.203
112,0.203
113,0.203
114,0.203
115,0.203
116,0.203
117,0.203
118,0.203
119,0.203
120,0.203
121,0.203
122,0.203
123,0.9098
124,0.9098
125,0.9098
126,0.9098
127,0.9098
128,0.9098
129,0.9098
130,0.9098
131,0.9098
132,0.9098
133,0.9098
134,0.9098
135,0.1393
136,0.1393
137,0.1393
138,0.1393
139,0.1393
140,0.1393
141,0.1393
142,0.1393
143,0.1393
144,0.1393
145,0.1393
146,0.1393
147,0.1393
148,0.1393
149,0.1393
150,0.1393
151,0.1393
152,0.1393
153,0.1393
154,0.1393
155,0.1393
156,0.1393
157,0.1393
158,0.1393
159,0.0875
160,0.0875
161,0.0875
162,0.0875
163,0.0875
164,0.0875
165,0.0875
166,0.0875
167,0.0875
168,0.0875
169,0.0875
170,0.0875
171,0.0404
172,0.0404
173,0.0404
174,0.0404
175,0.0404
176,0.0404
177,0.0404
178,0.0404
179,0.0404
180,0.0404
181,0.0404
182,0.0404
183,0.0404
184,0.0404
185,0.0404
186,0.0404
187,0.0404
188,0.0404
189,0.0404
190,0.0404
191,0.0404
192,0.0404
193,0.0404
194,0.0404
195,0.0165
196,0.0165
197,0.0165
198,0.0165
199,0.0165
200,0.0165
201,0.0165
202,0.0165
203,0.0165
204,0.0165
205,0.0165
206,0.0165
207,0.0165
208,0.0165
209,0.0165
210,0.0165
211,0.0165
212,0.0165
213,0.0165
214,0.203
215,0.203
216,0.203
217,0.203
218,0.203
219,0.203
220,0.203
221,0.203
222,0.203
223,0.203
224,0.203
225,0.203
226,0.203
227,0.203
228,0.203
229,0.203
230,0.9098
231,0.9098
232,0.9098
233,0.9098
234,0.9098
235,0.9098
236,0.9098
237,0.9098
238,0.9098
239,0.9098
240,0.9098
241,0.9098
242,0.1393
243,0.1393
244,0.1393
245,0.1393
246,0.1393
247,0.1393
248,0.1393
249,0.1393
250,0.1393
251,0.1393
252,0.1393
253,0.1393
254,0.1393
255,0.1393
256,0.1393
257,0.1393
258,0.1393
259,0.1393
260,0.1393
261,0.1393
262,0.1393
263,0.1393
264,0.1393
265,0.1393
266,0.0875
267,0.0875
268,0.0875
269,0.0875
270,0.0875
271,0.0875
272,0.0875
273,0.0875
274,0.0875
275,0.0875
276,0.0875
277,0.0875
278,0.0404
279,0.0404
280,0.0404
281,0.0404
282,0.0404
283,0.0404
284,0.0404
285,0.0404
286,0.0404
287,0.0404
288,0.0404
289,0.0404
290,0.0404
291,0.0404
292,0.0404
293,0.0404
294,0.0404
295,0.0404
296,0.0404
297,0.0404
298,0.0404
299,0.0404
300,0.0404
301,0.0404
302,0.0165
303,0.0165
304,0.0165
305,0.0165
306,0.0165
307,0.0165
308,0.0165
309,0.0165
310,0.0165
311,0.0165
312,0.0165
313,0.0165
314,0.0165
315,0.0165
316,0.0165
317,0.0165
318,0.0165
319,0.0165
320,0.0165
321,0.203
322,0.203
323,0.203
324,0.203
325,0.203
326,0.203
327,0.203
328,0.203
329,0.203
330,0.203
331,0.203
332,0.203
333,0.203
334,0.203
335,0.203
336,0.203
337,0.9098
338,0.9098
339,0.9098
340,0.9098
341,0.9098
342,0.9098
343,0.9098
344,0.9098
345,0.9098
346,0.9098
347,0.9098
348,0.9098
349,0.1393
350,0.1393
351,0.1393
352,0.1393
353,0.1393
354,0.1393
355,0.1393
356,0.1393
357,0.1393
358,0.1393
359,0.1393
360,0.1393
361,0.1393
362,0.1393
363,0.1393
364,0.1393
365,0.1393
366,0.1393
367,0.1393
368,0.1393
369,0.1393
370,0.1393
371,0.1393
372,0.1393
373,0.0875
374,0.0875
375,0.0875
376,0.0875
377,0.0875
378,0.0875
379,0.0875
380,0.0875
381,0.0875
382,0.0875
383,0.0875
384,0.0875
385,0.0404
386,0.0404
387,0.0404
388,0.0404
389,0.0404
390,0.0404
391,0.0404
392,0.0404
393,0.0404
394,0.0404
395,0.0404
396,0.0404
397,0.0404
398,0.0404
399,0.0404
400,0.0404
401,0.0404
402,0.0404
403,0.0404
404,0.0404
405,0.0404
406,0.0404
407,0.0404
408,0.0404
409,0.0165
410,0.0165
411,0.0165
412,0.0165
413,0.0165
414,0.0165
415,0.0165
416,0.0165
417,0.0165
418,0.0165
419,0.0165
420,0.0165
421,0.0165
422,0.0165
423,0.0165
424,0.0165
425,0.0165
426,0.0165
427,0.0165
428,0.203
429,0.203
430,0.203
431,0.203
432,0.203
433,0.203
434,0.203
435,0.203
436,0.203
437,0.203
438,0.203
439,0.203
440,0.203
441,0.203
442,0.203
443,0.203
444,0.9098
445,0.9098
446,0.9098
447,0.9098
448,0.9098
449,0.9098
450,0.9098
451,0.9098
452,0.9098
453,0.9098
454,0.9098
455,0.9098
456,0.1393
457,0.1393
458,0.1393
459,0.1393
460,0.1393
461,0.1393
462,0.1393
463,0.1393
464,0.1393
465,0.1393
466,0.1393
467,0.1393
468,0.1393
469,0.1393
470,0.1393
471,0.1393
472,0.1393
473,0.1393
474,0.1393
475,0.1393
476,0.1393
477,0.1393
478,0.1393
479,0.1393
480,0.0875
481,0.0875
482,0.0875
483,0.0875
484,0.0875
485,0.0875
486,0.0875
487,0.0875
488,0.0875
489,0.0875
490,0.0875
491,0.0875
492,0.0404
493,0.0404
494,0.0404
495,0.0404
496,0.0404
497,0.0404
498,0.0404
499,0.0404
500,0.0404
501,0.0404
502,0.0404
503,0.0404
504,0.0404
505,0.0404
506,0.0404
507,0.0404
508,0.0404
509,0.0404
510,0.0404
511,0.0404
512,0.0404
513,0.0404
514,0.0404
515,0.0404
516,0.0165
517,0.0165
518,0.0165
519,0.0165
520,0.0165
521,0.0165
522,0.0165
523,0.0165
524,0.0165
525,0.0165
526,0.0165
527,0.0165
528,0.0165
529,0.0165
530,0.0165
531,0.0165
532,0.0165
533,0.0165
534,0.0165
535,0.203
536,0.203
537,0.203
538,0.203
539,0.203
540,0.203
541,0.203
542,0.203
543,0.203
544,0.203
545,0.203
546,0.203
547,0.203
548,0.203
549,0.203
550,0.203
551,0.9098
552,0.9098
553,0.9098
554,0.9098
555,0.9098
556,0.9098
557,0.9098
558,0.9098
559,0.9098
560,0.9098
561,0.9098
562,0.9098
563,0.1393
564,0.1393
565,0.1393
566,0.1393
567,0.1393
568,0.1393
569,0.1393
570,0.1393
571,0.1393
572,0.1393
573,0.1393
574,0.1393
575,0.1393
576,0.1393
577,0.1393
578,0.1393
579,0.1393
580,0.1393
581,0.1393
582,0.1393
583,0.1393
584,0.1393
585,0.1393
586,0.1393
587,0.0875
588,0.0875
589,0.0875
590,0.0875
591,0.0875
592,0.0875
593,0.0875
594,0.0875
595,0.0875
596,0.0875
597,0.0875
598,0.0875
599,0.0404
600,0.0404
601,0.0404
602,0.0404
603,0.0404
604,0.0404
605,0.0404
606,0.0404
607,0.0404
608,0.0404
609,0.0404
610,0.0404
611,0.0404
612,0.0404
613,0.0404
614,0.0404
615,0.0404
616,0.0404
617,0.0404
618,0.0404
619,0.0404
620,0.0404
621,0.0404
622,0.0404
623,0.0165
624,0.0165
625,0.0165
626,0.0165
627,0.0165
628,0.0165
629,0.0165
630,0.0165
631,0.0165
632,0.0165
633,0.0165
634,0.0165
635,0.0165
636,0.0165
637,0.0165
638,0.0165
639,0.0165
640,0.0165
641,0.0165
642,0.203
643,0.203
644,0.203
645,0.203
646,0.203
647,0.203
648,0.203
649,0.203
650,0.203
651,0.203
652,0.203
653,0.203
654,0.203
655,0.203
656,0.203
657,0.203
658,0.9098
659,0.9098
660,0.9098
661,0.9098
662,0.9098
663,0.9098
664,0.9098
665,0.9098
666,0.9098
667,0.9098
668,0.9098
669,0.9098
670,0.1393
671,0.1393
672,0.1393
673,0.1393
674,0.1393
675,0.1393
676,0.1393
677,0.1393
678,0.1393
679,0.1393
680,0.1393
681,0.1393
682,0.1393
683,0.1393
684,0.1393
685,0.1393
686,0.1393
687,0.1393
688,0.1393
689,0.1393
690,0.1393
691,0.1393
692,0.1393
693,0.1393
694,0.0875
695,0.0875
696,0.0875
697,0.0875
698,0.0875
699,0.0875
700,0.0875
701,0.0875
702,0.0875
703,0.0875
704,0.0875
705,0.0875
706,0.0404
707,0.0404
708,0.0404
709,0.0404
710,0.0404
711,0.0404
712,0.0404
713,0.0404
714,0.0404
715,0.0404
716,0.0404
717,0.0404
718,0.0404
719,0.0404
720,0.0404
721,0.0404
722,0.0404
723,0.0404
724,0.0404
725,0.0404
726,0.0404
727,0.0404
728,0.0404
729,0.0404
730,0.0165
731,0.0165
732,0.0165
733,0.0165
734,0.0165
735,0.0165
736,0.0165
737,0.0165
738,0.0165
739,0.0165
740,0.0165
741,0.0165
742,0.0165
743,0.0165
744,0.0165
745,0.0165
746,0.0165
747,0.0165
748,0.0165
749,0.203
750,0.203
751,0.203
752,0.203
753,0.203
754,0.203
755,0.203
756,0.203
757,0.203
758,0.203
759,0.203
760,0.203
761,0.203
762,0.203
763,0.203
764,0.203
765,0.9098
766,0.9098
767,0.9098
768,0.9098
769,0.9098
770,0.9098
771,0.9098
772,0.9098
773,0.9098
774,0.9098
775,0.9098
776,0.9098
777,0.1393
778,0.1393
779,0.1393
780,0.1393
781,0.1393
782,0.1393
783,0.1393
784,0.1393
785,0.1393
786,0.1393
787,0.1393
788,0.1393
789,0.1393
790,0.1393
791,0.1393
792,0.1393
793,0.1393
794,0.1393
795,0.1393
796,0.1393
797,0.1393
798,0.1393
799,0.1393
800,0.1393
801,0.0875
802,0.0875
803,0.0875
804,0.0875
805,0.0875
806,0.0875
807,0.0875
808,0.0875
809,0.0875
810,0.0875
811,0.0875
812,0.0875
813,0.0404
814,0.0404
815,0.0404
816,0.0404
817,0.0404
818,0.0404
819,0.0404
820,0.0404
821,0.0404
822,0.0404
823,0.0404
824,0.0404
825,0.0404
826,0.0404
827,0.0404
828,0.0404
829,0.0404
830,0.0404
831,0.0404
832,0.0404
833,0.0404
834,0.0404
835,0.0404
836,0.0404
837,0.0165
838,0.0165
839,0.0165
840,0.0165
841,0.0165
842,0.0165
843,0.0165
844,0.0165
845,0.0165
846,0.0165
847,0.0165
848,0.0165
849,0.0165
850,0.0165
851,0.0165
852,0.0165
853,0.0165
854,0.0165
855,0.0165
856,0.203
857,0.203
858,0.203
859,0.203
860,0.203
861,0.203
862,0.203
863,0.203
864,0.203
865,0.203
866,0.203
867,0.203
868,0.203
869,0.203
870,0.203
871,0.203
872,0.9098
873,0.9098
874,0.9098
875,0.9098
876,0.9098
877,0.9098
878,0.9098
879,0.9098
880,0.9098
881,0.9098
882,0.9098
883,0.9098
884,0.1393
885,0.1393
886,0.1393
887,0.1393
888,0.1393
889,0.1393
890,0.1393
891,0.1393
892,0.1393
893,0.1393
894,0.1393
895,0.1393
896,0.1393
897,0.1393
898,0.1393
899,0.1393
900,0.1393
901,0.1393
902,0.1393
903,0.1393
904,0.1393
905,0.1393
906,0.1393
907,0.1393
908,0.0875
909,0.0875
910,0.0875
911,0.0875
912,0.0875
913,0.0875
914,0.0875
915,0.0875
916,0.0875
917,0.0875
918,0.0875
919,0.0875
920,0.0404
921,0.0404
922,0.0404
923,0.0404
924,0.0404
925,0.0404
926,0.0404
927,0.0404
928,0.0404
929,0.0404
930,0.0404
931,0.0404
932,0.0404
933,0.0404
934,0.0404
935,0.0404
936,0.0404
937,0.0404
938,0.0404
939,0.0404
940,0.0404
941,0.0404
942,0.0404
943,0.0404
944,0.0165
945,0.0165
946,0.0165
947,0.0165
948,0.0165
949,0.0165
950,0.0165
951,0.0165
952,0.0165
953,0.0165
954,0.0165
955,0.0165
956,0.0165
957,0.0165
958,0.0165
959,0.0165
960,0.0165
961,0.0165
962,0.0165
963,0.203
964,0.203
965,0.203
966,0.203
967,0.203
968,0.203
969,0.203
970,0.203
971,0.203
972,0.203
973,0.203
974,0.203
975,0.203
976,0.203
977,0.203
978,0.203
979,0.9098
980,0.9098
981,0.9098
982,0.9098
983,0.9098
984,0.9098
985,0.9098
986,0.9098
987,0.9098
988,0.9098
989,0.9098
990,0.9098
991,0.1393
992,0.1393
993,0.1393
994,0.1393
995,0.1393
996,0.1393
997,0.1393
998,0.1393
999,0.1393
1000,0.1393
1001,0.1393
1002,0.1393
1003,0.1393
1004,0.1393
1005,0.1393
1006,0.1393
1007,0.1393
1008,0.1393
1009,0.1393
1010,0.1393
1011,0.1393
1012,0.1393
1013,0.1393
1014,0.1393
1015,0.0875
1016,0.0875
1017,0.0875
1018,0.0875
1019,0.0875
1020,0.0875
1021,0.0875
1022,0.0875
1023,0.0875
1024,0.0875
1025,0.0875
1026,0.0875
1027,0.0404
1028,0.0404
1029,0.0404
1030,0.0404
1031,0.0404
1032,0.0404
1033,0.0404
1034,0.0404
1035,0.0404
1036,0.0404
1037,0.0404
1038,0.0404
1039,0.0404
1040,0.0404
1041,0.0404
1042,0.0404
1043,0.0404
1044,0.0404
1045,0.0404
1046,0.0404
1047,0.0404
1048,0.0404
1049,0.0404
1050,0.0404
1051,0.0165
1052,0.0165
1053,0.0165
1054,0.0165
1055,0.0165
1056,0.0165
1057,0.0165
1058,0.0165
1059,0.0165
1060,0.0165
1061,0.0165
1062,0.0165
1063,0.0165
1064,0.0165
1065,0.0165
1066,0.0165
1067,0.0165
1068,0.0165
1069,0.0165
1070,0.203
1071,0.203
1072,0.203
1073,0.203
1074,0.203
1075,0.203
1076,0.203
1077,0.203
1078,0.203
1079,0.203
1080,0.203
1081,0.203
1082,0.203
1083,0.203
1084,0.203
1085,0.203
1086,0.9098
1087,0.9098
1088,0.9098
1089,0.9098
1090,0.9098
1091,0.9098
1092,0.9098
1093,0.9098
1094,0.9098
1095,0.9098
1096,0.9098
1097,0.9098
1098,0.1393
1099,0.1393
1100,0.1393
1101,0.1393
1102,0.1393
1103,0.1393
1104,0.1393
1105,0.1393
1106,0.1393
1107,0.1393
1108,0.1393
1109,0.1393
1110,0.1393
1111,0.1393
1112,0.1393
1113,0.1393
1114,0.1393
1115,0.1393
1116,0.1393
1117,0.1393
1118,0.1393
1119,0.1393
1120,0.1393
1121,0.1393
1122,0.0875
1123,0.0875
1124,0.0875
1125,0.0875
1126,0.0875
1127,0.0875
1128,0.0875
1129,0.0875
1130,0.0875
1131,0.0875
1132,0.0875
1133,0.0875
1134,0.0404
1135,0.0404
1136,0.0404
1137,0.0404
1138,0.0404
1139,0.0404
1140,0.0404
1141,0.0404
1142,0.0404
1143,0.0404
1144,0.0404
1145,0.0404
1146,0.0404
1147,0.0404
1148,0.0404
1149,0.0404
1150,0.0404
1151,0.0404
1152,0.0404
1153,0.0404
1154,0.0404
1155,0.0404
1156,0.0404
1157,0.0404
1158,0.0165
1159,0.0165
1160,0.0165
1161,0.0165
1162,0.0165
1163,0.0165
1164,0.0165
1165,0.0165
1166,0.0165
1167,0.0165
1168,0.0165
1169,0.0165
1170,0.0165
1171,0.0165
1172,0.0165
1173,0.0165
1174,0.0165
1175,0.0165
1176,0.0165
1177,0.203
1178,0.203
1179,0.203
1180,0.203
1181,0.203
1182,0.203
1183,0.203
1184,0.203
1185,0.203
1186,0.203
1187,0.203
1188,0.203
1189,0.203
1190,0.203
1191,0.203
1192,0.203
1193,0.9098
1194,0.9098
1195,0.9098
1196,0.9098
1197,0.9098
1198,0.9098
1199,0.9098
1200,0.9098
1201,0.9098
1202,0.9098
1203,0.9098
1204,0.9098
1205,0.1393
1206,0.1393
1207,0.1393
1208,0.1393
1209,0.1393
1210,0.1393
1211,0.1393
1212,0.1393
1213,0.1393
1214,0.1393
1215,0.1393
1216,0.1393
1217,0.1393
1218,0.1393
1219,0.1393
1220,0.1393
1221,0.1393
1222,0.1393
1223,0.1393
1224,0.1393
1225,0.1393
1226,0.1393
1227,0.1393
1228,0.1393
1229,0.0875
1230,0.0875
1231,0.0875
1232,0.0875
1233,0.0875
1234,0.0875
1235,0.0875
1236,0.0875
1237,0.0875
1238,0.0875
1239,0.0875
1240,0.0875
1241,0.0404
1242,0.0404
1243,0.0404
1244,0.0404
1245,0.0404
1246,0.0404
1247,0.0404
1248,0.0404
1249,0.0404
1250,0.0404
1251,0.0404
1252,0.0404
1253,0.0404
1254,0.0404
1255,0.0404
1256,0.0404
1257,0.0404
1258,0.0404
1259,0.0404
1260,0.0404
1261,0.0404
1262,0.0404
1263,0.0404
1264,0.0404
1265,0.0165
1266,0.0165
1267,0.0165
1268,0.0165
1269,0.0165
1270,0.0165
1271,0.0165
1272,0.0165
1273,0.0165
1274,0.0165
1275,0.0165
1276,0.0165
1277,0.0165
1278,0.0165
1279,0.0165
1280,0.0165
1281,0.0165
1282,0.0165
1283,0.0165
1284,0.203
1285,0.203
1286,0.203
1287,0.203
1288,0.203
1289,0.203
1290,0.203
1291,0.203
1292,0.203
1293,0.203
1294,0.203
1295,0.203
1296,0.203
1297,0.203
1298,0.203
1299,0.203
1300,0.9098
1301,0.9098
1302,0.9098
1303,0.9098
1304,0.9098
1305,0.9098
1306,0.9098
1307,0.9098
1308,0.9098
1309,0.9098
1310,0.9098
1311,0.9098
1312,0.1393
1313,0.1393
1314,0.1393
1315,0.1393
1316,0.1393
1317,0.1393
1318,0.1393
1319,0.1393
1320,0.1393
1321,0.1393
1322,0.1393
1323,0.1393
1324,0.1393
1325,0.1393
1326,0.1393
1327,0.1393
1328,0.1393
1329,0.1393
1330,0.1393
1331,0.1393
1332,0.1393
1333,0.1393
1334,0.1393
1335,0.1393
1336,0.0875
1337,0.0875
1338,0.0875
1339,0.0875
1340,0.0875
1341,0.0875
1342,0.0875
1343,0.0875
1344,0.0875
1345,0.0875
1346,0.0875
1347,0.0875
1348,0.0404
1349,0.0404
1350,0.0404
1351,0.0404
1352,0.0404
1353,0.0404
1354,0.0404
1355,0.0404
1356,0.0404
1357,0.0404
1358,0.0404
1359,0.0404
1360,0.0404
1361,0.0404
1362,0.0404
1363,0.0404
1364,0.0404
1365,0.0404
1366,0.0404
1367,0.0404
1368,0.0404
1369,0.0404
1370,0.0404
1371,0.0404
1372,0.0165
1373,0.0165
1374,0.0165
1375,0.0165
1376,0.0165
1377,0.0165
1378,0.0165
1379,0.0165
1380,0.0165
1381,0.0165
1382,0.0165
1383,0.0165
1384,0.0165
1385,0.0165
1386,0.0165
1387,0.0165
1388,0.0165
1389,0.0165
1390,0.0165
1391,0.203
1392,0.203
1393,0.203
1394,0.203
1395,0.203
1396,0.203
1397,0.203
1398,0.203
1399,0.203
1400,0.203
1401,0.203
1402,0.203
1403,0.203
1404,0.203
1405,0.203
1406,0.203
1407,0.9098
1408,0.9098
1409,0.9098
1410,0.9098
1411,0.9098
1412,0.9098
1413,0.9098
1414,0.9098
1415,0.9098
1416,0.9098
1417,0.9098
1418,0.9098
1419,0.1393
1420,0.1393
1421,0.1393
1422,0.1393
1423,0.1393
1424,0.1393
1425,0.1393
1426,0.1393
1427,0.1393
1428,0.1393
1429,0.1393
1430,0.1393
1431,0.1393
1432,0.1393
1433,0.1393
1434,0.1393
1435,0.1393
1436,0.1393
1437,0.1393
1438,0.1393
1439,0.1393
1440,0.1393
1441,0.1393
1442,0.1393
1443,0.0875
1444,0.0875
1445,0.0875
1446,0.0875
1447,0.0875
1448,0.0875
1449,0.0875
1450,0.0875
1451,0.0875
1452,0.0875
1453,0.0875
1454,0.0875
1455,0.0404
1456,0.0404
1457,0.0404
1458,0.0404
1459,0.0404
1460,0.0404
1461,0.0404
1462,0.0404
1463,0.0404
1464,0.0404
1465,0.0404
1466,0.0404
1467,0.0404
1468,0.0404
1469,0.0404
1470,0.0404
1471,0.0404
1472,0.0404
1473,0.0404
1474,0.0404
1475,0.0404
1476,0.0404
1477,0.0404
1478,0.0404
1479,0.0165
1480,0.0165
1481,0.0165
1482,0.0165
1483,0.0165
1484,0.0165
1485,0.0165
1486,0.0165
1487,0.0165
1488,0.0165
1489,0.0165
1490,0.0165
1491,0.0165
1492,0.0165
1493,0.0165
1494,0.0165
1495,0.0165
1496,0.0165
1497,0.0165
1498,0.203
1499,0.203
1500,0.203
1501,0.203
1502,0.203
1503,0.203
1504,0.203
1505,0.203
1506,0.203
1507,0.203
1508,0.203
1509,0.203
1510,0.203
1511,0.203
1512,0.203
1513,0.203
1514,0.9098
1515,0.9098
1516,0.9098
1517,0.9098
1518,0.9098
1519,0.9098
1520,0.9098
1521,0.9098
1522,0.9098
1523,0.9098
1524,0.9098
1525,0.9098
1526,0.1393
1527,0.1393
1528,0.1393
1529,0.1393
1530,0.1393
1531,0.1393
1532,0.1393
1533,0.1393
1534,0.1393
1535,0.1393
1536,0.1393
1537,0.1393
1538,0.1393
1539,0.1393
1540,0.1393
1541,0.1393
1542,0.1393
1543,0.1393
1544,0.1393
1545,0.1393
1546,0.1393
1547,0.1393
1548,0.1393
1549,0.1393
1550,0.0875
1551,0.0875
1552,0.0875
1553,0.0875
1554,0.0875
1555,0.0875
1556,0.0875
1557,0.0875
1558,0.0875
1559,0.0875
1560,0.0875
1561,0.0875
1562,0.0404
1563,0.0404
1564,0.0404
1565,0.0404
1566,0.0404
1567,0.0404
1568,0.0404
1569,0.0404
1570,0.0404
1571,0.0404
1572,0.0404
1573,0.0404
1574,0.0404
1575,0.0404
1576,0.0404
1577,0.0404
1578,0.0404
1579,0.0404
1580,0.0404
1581,0.0404
1582,0.0404
1583,0.0404
1584,0.0404
1585,0.0404
1586,0.0165
1587,0.0165
1588,0.0165
1589,0.0165
1590,0.0165
1591,0.0165
1592,0.0165
1593,0.0165
1594,0.0165
1595,0.0165
1596,0.0165
1597,0.0165
1598,0.0165
1599,0.0165
1600,0.0165
1601,0.0165
1602,0.0165
1603,0.0165
1604,0.0165
1605,0.203
1606,0.203
1607,0.203
1608,0.203
1609,0.203
1610,0.203
1611,0.203
1612,0.203
1613,0.203
1614,0.203
1615,0.203
1616,0.203
1617,0.203
1618,0.203
1619,0.203
1620,0.203
1621,0.9098
1622,0.9098
1623,0.9098
1624,0.9098
1625,0.9098
1626,0.9098
1627,0.9098
1628,0.9098
1629,0.9098
1630,0.9098
1631,0.9098
1632,0.9098
1633,0.1393
1634,0.1393
1635,0.1393
1636,0.1393
1637,0.1393
1638,0.1393
1639,0.1393
1640,0.1393
1641,0.1393
1642,0.1393
1643,0.1393
1644,0.1393
1645,0.1393
1646,0.1393
1647,0.1393
1648,0.1393
1649,0.1393
1650,0.1393
1651,0.1393
1652,0.1393
1653,0.1393
1654,0.1393
1655,0.1393
1656,0.1393
1657,0.0875
1658,0.0875
1659,0.0875
1660,0.0875
1661,0.0875
1662,0.0875
1663,0.0875
1664,0.0875
1665,0.0875
1666,0.0875
1667,0.0875
1668,0.0875
1669,0.0404
1670,0.0404
1671,0.0404
1672,0.0404
1673,0.0404
1674,0.0404
1675,0.0404
1676,0.0404
1677,0.0404
1678,0.0404
1679,0.0404
1680,0.0404
1681,0.0404
1682,0.0404
1683,0.0404
1684,0.0404
1685,0.0404
1686,0.0404
1687,0.0404
1688,0.0404
1689,0.0404
1690,0.0404
1691,0.0404
1692,0.0404
1693,0.0165
1694,0.0165
1695,0.0165
1696,0.0165
1697,0.0165
1698,0.0165
1699,0.0165
1700,0.0165
1701,0.0165
1702,0.0165
1703,0.0165
1704,0.0165
1705,0.0165
1706,0.0165
1707,0.0165
1708,0.0165
1709,0.0165
1710,0.0165
1711,0.0165
1712,0.1497
1713,0.1497
1714,0.1497
1715,0.1497
1716,0.1497
1717,0.1497
1718,0.1497
1719,0.1497
1720,0.1497
1721,0.1497
1722,0.1497
1723,0.1497
1724,0.1497
1725,0.1497
1726,0.1497
1727,0.1497
1728,0.3373
1729,0.3373
1730,0.3373
1731,0.3373
1732,0.3373
1733,0.3373
1734,0.3373
1735,0.3373
1736,0.3373
1737,0.3373
1738,0.3373
1739,0.3373
1740,0.0765
1741,0.0765
1742,0.0765
1743,0.0765
1744,0.0765
1745,0.0765
1746,0.0765
1747,0.0765
1748,0.0765
1749,0.0765
1750,0.0765
1751,0.0765
1752,0.0765
1753,0.0765
1754,0.0765
1755,0.0765
1756,0.0765
1757,0.0765
1758,0.0765
1759,0.0765
1760,0.0765
1761,0.0765
1762,0.0765
1763,0.0765
1764,0.0093
1765,0.0093
1766,0.0093
1767,0.0093
1768,0.0093
1769,0.0093
1770,0.0093
1771,0.0093
1772,0.0093
1773,0.0093
1774,0.0093
1775,0.0093
1776,0.0082
1777,0.0082
1778,0.0082
1779,0.0082
1780,0.0082
1781,0.0082
1782,0.0082
1783,0.0082
1784,0.0082
1785,0.0082
1786,0.0082
1787,0.0082
1788,0.0082
1789,0.0082
1790,0.0082
1791,0.0082
1792,0.0082
1793,0.0082
1794,0.0082
1795,0.0082
1796,0.0082
1797,0.0082
1798,0.0082
1799,0.0082
1800,0.0198
1801,0.0198
1802,0.0198
1803,0.0198
1804,0.0198
1805,0.0198
1806,0.0198
1807,0.0198
1808,0.0198
1809,0.0198
1810,0.0198
1811,0.0198
1812,0.0198
1813,0.0198
1814,0.0198
1815,0.0198
1816,0.0198
1817,0.0198
1818,0.0198
1819,0.1497
1820,0.1497
1821,0.1497
1822,0.1497
1823,0.1497
1824,0.1497
1825,0.1497
1826,0.1497
1827,0.1497
1828,0.1497
1829,0.1497
1830,0.1497
1831,0.1497
1832,0.1497
1833,0.1497
1834,0.1497
1835,0.3373
1836,0.3373
1837,0.3373
1838,0.3373
1839,0.3373
1840,0.3373
1841,0.3373
1842,0.3373
1843,0.3373
1844,0.3373
1845,0.3373
1846,0.3373
1847,0.0765
1848,0.0765
1849,0.0765
1850,0.0765
1851,0.0765
1852,0.0765
1853,0.0765
1854,0.0765
1855,0.0765
1856,0.0765
1857,0.0765
1858,0.0765
1859,0.0765
1860,0.0765
1861,0.0765
1862,0.0765
1863,0.0765
1864,0.0765
1865,0.0765
1866,0.0765
1867,0.0765
1868,0.0765
1869,0.0765
1870,0.0765
1871,0.0093
1872,0.0093
1873,0.0093
1874,0.0093
1875,0.0093
1876,0.0093
1877,0.0093
1878,0.0093
1879,0.0093
1880,0.0093
1881,0.0093
1882,0.0093
1883,0.0082
1884,0.0082
1885,0.0082
1886,0.0082
1887,0.0082
1888,0.0082
1889,0.0082
1890,0.0082
1891,0.0082
1892,0.0082
1893,0.0082
1894,0.0082
1895,0.0082
1896,0.0082
1897,0.0082
1898,0.0082
1899,0.0082
1900,0.0082
1901,0.0082
1902,0.0082
1903,0.0082
1904,0.0082
1905,0.0082
1906,0.0082
1907,0.0198
1908,0.0198
1909,0.0198
1910,0.0198
1911,0.0198
1912,0.0198
1913,0.0198
1914,0.0198
1915,0.0198
1916,0.0198
1917,0.0198
1918,0.0198
1919,0.0198
1920,0.0198
1921,0.0198
1922,0.0198
1923,0.0198
1924,0.0198
1925,0.0198
1926,0.1497
1927,0.1497
1928,0.1497
1929,0.1497
1930,0.1497
1931,0.1497
1932,0.1497
1933,0.1497
1934,0.1497
1935,0.1497
1936,0.1497
1937,0.1497
1938,0.1497
1939,0.1497
1940,0.1497
1941,0.1497
1942,0.3373
1943,0.3373
1944,0.3373
1945,0.3373
1946,0.3373
1947,0.3373
1948,0.3373
1949,0.3373
1950,0.3373
1951,0.3373
1952,0.3373
1953,0.3373
1954,0.0765
1955,0.0765
1956,0.0765
1957,0.0765
1958,0.0765
1959,0.0765
1960,0.0765
1961,0.0765
1962,0.0765
1963,0.0765
1964,0.0765
1965,0.0765
1966,0.0765
1967,0.0765
1968,0.0765
1969,0.0765
1970,0.0765
1971,0.0765
1972,0.0765
1973,0.0765
1974,0.0765
1975,0.0765
1976,0.0765
1977,0.0765
1978,0.0093
1979,0.0093
1980,0.0093
1981,0.0093
1982,0.0093
1983,0.0093
1984,0.0093
1985,0.0093
1986,0.0093
1987,0.0093
1988,0.0093
1989,0.0093
1990,0.0082
1991,0.0082
1992,0.0082
1993,0.0082
1994,0.0082
1995,0.0082
1996,0.0082
1997,0.0082
1998,0.0082
1999,0.0082
2000,0.0082
2001,0.0082
2002,0.0082
2003,0.0082
2004,0.0082
2005,0.0082
2006,0.0082
2007,0.0082
2008,0.0082
2009,0.0082
2010,0.0082
2011,0.0082
2012,0.0082
2013,0.0082
2014,0.0198
2015,0.0198
2016,0.0198
2017,0.0198
2018,0.0198
2019,0.0198
2020,0.0198
2021,0.0198
2022,0.0198
2023,0.0198
2024,0.0198
2025,0.0198
2026,0.0198
2027,0.0198
2028,0.0198
2029,0.0198
2030,0.0198
2031,0.0198
2032,0.0198
2033,0.1497
2034,0.1497
2035,0.1497
2036,0.1497
2037,0.1497
2038,0.1497
2039,0.1497
2040,0.1497
2041,0.1497
2042,0.1497
2043,0.1497
2044,0.1497
2045,0.1497
2046,0.1497
2047,0.1497
2048,0.1497
2049,0.3373
2050,0.3373
2051,0.3373
2052,0.3373
2053,0.3373
2054,0.3373
2055,0.3373
2056,0.3373
2057,0.3373
2058,0.3373
2059,0.3373
2060,0.3373
2061,0.0765
2062,0.0765
2063,0.0765
2064,0.0765
2065,0.0765
2066,0.0765
2067,0.0765
2068,0.0765
2069,0.0765
2070,0.0765
2071,0.0765
2072,0.0765
2073,0.0765
2074,0.0765
2075,0.0765
2076,0.0765
2077,0.0765
2078,0.0765
2079,0.0765
2080,0.0765
2081,0.0765
2082,0.0765
2083,0.0765
2084,0.0765
2085,0.0093
2086,0.0093
2087,0.0093
2088,0.0093
2089,0.0093
2090,0.0093
2091,0.0093
2092,0.0093
2093,0.0093
2094,0.0093
2095,0.0093
2096,0.0093
2097,0.0082
2098,0.0082
2099,0.0082
2100,0.0082
2101,0.0082
2102,0.0082
2103,0.0082
2104,0.0082
2105,0.0082
2106,0.0082
2107,0.0082
2108,0.0082
2109,0.0082
2110,0.0082
2111,0.0082
2112,0.0082
2113,0.0082
2114,0.0082
2115,0.0082
2116,0.0082
2117,0.0082
2118,0.0082
2119,0.0082
2120,0.0082
2121,0.0198
2122,0.0198
2123,0.0198
2124,0.0198
2125,0.0198
2126,0.0198
2127,0.0198
2128,0.0198
2129,0.0198
2130,0.0198
2131,0.0198
2132,0.0198
2133,0.0198
2134,0.0198
2135,0.0198
2136,0.0198
2137,0.0198
2138,0.0198
2139,0.0198
2140,0.1497
2141,0.1497
2142,0.1497
2143,0.1497
2144,0.1497
2145,0.1497
2146,0.1497
2147,0.1497
2148,0.1497
2149,0.1497
2150,0.1497
2151,0.1497
2152,0.1497
2153,0.1497
2154,0.1497
2155,0.1497
2156,0.3373
2157,0.3373
2158,0.3373
2159,0.3373
2160,0.3373
2161,0.3373
2162,0.3373
2163,0.3373
2164,0.3373
2165,0.3373
2166,0.3373
2167,0.3373
2168,0.0765
2169,0.0765
2170,0.0765
2171,0.0765
2172,0.0765
2173,0.0765
2174,0.0765
2175,0.0765
2176,0.0765
2177,0.0765
2178,0.0765
2179,0.0765
2180,0.0765
2181,0.0765
2182,0.0765
2183,0.0765
2184,0.0765
2185,0.0765
2186,0.0765
2187,0.0765
2188,0.0765
2189,0.0765
2190,0.0765
2191,0.0765
2192,0.0093
2193,0.0093
2194,0.0093
2195,0.0093
2196,0.0093
2197,0.0093
2198,0.0093
2199,0.0093
2200,0.0093
2201,0.0093
2202,0.0093
2203,0.0093
2204,0.0082
2205,0.0082
2206,0.0082
2207,0.0082
2208,0.0082
2209,0.0082
2210,0.0082
2211,0.0082
2212,0.0082
2213,0.0082
2214,0.0082
2215,0.0082
2216,0.0082
2217,0.0082
2218,0.0082
2219,0.0082
2220,0.0082
2221,0.0082
2222,0.0082
2223,0.0082
2224,0.0082
2225,0.0082
2226,0.0082
2227,0.0082
2228,0.0198
2229,0.0198
2230,0.0198
2231,0.0198
2232,0.0198
2233,0.0198
2234,0.0198
2235,0.0198
2236,0.0198
2237,0.0198
2238,0.0198
2239,0.0198
2240,0.0198
2241,0.0198
2242,0.0198
2243,0.0198
2244,0.0198
2245,0.0198
2246,0.0198
2247,0.1497
2248,0.1497
2249,0.1497
2250,0.1497
2251,0.1497
2252,0.1497
2253,0.1497
2254,0.1497
2255,0.1497
2256,0.1497
2257,0.1497
2258,0.1497
2259,0.1497
2260,0.1497
2261,0.1497
2262,0.1497
2263,0.3373
2264,0.3373
2265,0.3373
2266,0.3373
2267,0.3373
2268,0.3373
2269,0.3373
2270,0.3373
2271,0.3373
2272,0.3373
2273,0.3373
2274,0.3373
2275,0.0765
2276,0.0765
2277,0.0765
2278,0.0765
2279,0.0765
2280,0.0765
2281,0.0765
2282,0.0765
2283,0.0765
2284,0.0765
2285,0.0765
2286,0.0765
2287,0.0765
2288,0.0765
2289,0.0765
2290,0.0765
2291,0.0765
2292,0.0765
2293,0.0765
2294,0.0765
2295,0.0765
2296,0.0765
2297,0.0765
2298,0.0765
2299,0.0093
2300,0.0093
2301,0.0093
2302,0.0093
2303,0.0093
2304,0.0093
2305,0.0093
2306,0.0093
2307,0.0093
2308,0.0093
2309,0.0093
2310,0.0093
2311,0.0082
2312,0.0082
2313,0.0082
2314,0.0082
2315,0.0082
2316,0.0082
2317,0.0082
2318,0.0082
2319,0.0082
2320,0.0082
2321,0.0082
2322,0.0082
2323,0.0082
2324,0.0082
2325,0.0082
2326,0.0082
2327,0.0082
2328,0.0082
2329,0.0082
2330,0.0082
2331,0.0082
2332,0.0082
2333,0.0082
2334,0.0082
2335,0.0198
2336,0.0198
2337,0.0198
2338,0.0198
2339,0.0198
2340,0.0198
2341,0.0198
2342,0.0198
2343,0.0198
2344,0.0198
2345,0.0198
2346,0.0198
2347,0.0198
2348,0.0198
2349,0.0198
2350,0.0198
2351,0.0198
2352,0.0198
2353,0.0198
2354,0.1497
2355,0.1497
2356,0.1497
2357,0.1497
2358,0.1497
2359,0.1497
2360,0.1497
2361,0.1497
2362,0.1497
2363,0.1497
2364,0.1497
2365,0.1497
2366,0.1497
2367,0.1497
2368,0.1497
2369,0.1497
2370,0.3373
2371,0.3373
2372,0.3373
2373,0.3373
2374,0.3373
2375,0.3373
2376,0.3373
2377,0.3373
2378,0.3373
2379,0.3373
2380,0.3373
2381,0.3373
2382,0.0765
2383,0.0765
2384,0.0765
2385,0.0765
2386,0.0765
2387,0.0765
2388,0.0765
2389,0.0765
2390,0.0765
2391,0.0765
2392,0.0765
2393,0.0765
2394,0.0765
2395,0.0765
2396,0.0765
2397,0.0765
2398,0.0765
2399,0.0765
2400,0.0765
2401,0.0765
2402,0.0765
2403,0.0765
2404,0.0765
2405,0.0765
2406,0.0093
2407,0.0093
2408,0.0093
2409,0.0093
2410,0.0093
2411,0.0093
2412,0.0093
2413,0.0093
2414,0.0093
2415,0.0093
2416,0.0093
2417,0.0093
2418,0.0082
2419,0.0082
2420,0.0082
2421,0.0082
2422,0.0082
2423,0.0082
2424,0.0082
2425,0.0082
2426,0.0082
2427,0.0082
2428,0.0082
2429,0.0082
2430,0.0082
2431,0.0082
2432,0.0082
2433,0.0082
2434,0.0082
2435,0.0082
2436,0.0082
2437,0.0082
2438,0.0082
2439,0.0082
2440,0.0082
2441,0.0082
2442,0.0198
2443,0.0198
2444,0.0198
2445,0.0198
2446,0.0198
2447,0.0198
2448,0.0198
2449,0.0198
2450,0.0198
2451,0.0198
2452,0.0198
2453,0.0198
2454,0.0198
2455,0.0198
2456,0.0198
2457,0.0198
2458,0.0198
2459,0.0198
2460,0.0198
2461,0.1497
2462,0.1497
2463,0.1497
2464,0.1497
2465,0.1497
2466,0.1497
2467,0.1497
2468,0.1497
2469,0.1497
2470,0.1497
2471,0.1497
2472,0.1497
2473,0.1497
2474,0.1497
2475,0.1497
2476,0.1497
2477,0.3373
2478,0.3373
2479,0.3373
2480,0.3373
2481,0.3373
2482,0.3373
2483,0.3373
2484,0.3373
2485,0.3373
2486,0.3373
2487,0.3373
2488,0.3373
2489,0.0765
2490,0.0765
2491,0.0765
2492,0.0765
2493,0.0765
2494,0.0765
2495,0.0765
2496,0.0765
2497,0.0765
2498,0.0765
2499,0.0765
2500,0.0765
2501,0.0765
2502,0.0765
2503,0.0765
2504,0.0765
2505,0.0765
2506,0.0765
2507,0.0765
2508,0.0765
2509,0.0765
2510,0.0765
2511,0.0765
2512,0.0765
2513,0.0093
2514,0.0093
2515,0.0093
2516,0.0093
2517,0.0093
2518,0.0093
2519,0.0093
2520,0.0093
2521,0.0093
2522,0.0093
2523,0.0093
2524,0.0093
2525,0.0082
2526,0.0082
2527,0.0082
2528,0.0082
2529,0.0082
2530,0.0082
2531,0.0082
2532,0.0082
2533,0.0082
2534,0.0082
2535,0.0082
2536,0.0082
2537,0.0082
2538,0.0082
2539,0.0082
2540,0.0082
2541,0.0082
2542,0.0082
2543,0.0082
2544,0.0082
2545,0.0082
2546,0.0082
2547,0.0082
2548,0.0082
2549,0.0198
2550,0.0198
2551,0.0198
2552,0.0198
2553,0.0198
2554,0.0198
2555,0.0198
2556,0.0198
2557,0.0198
2558,0.0198
2559,0.0198
2560,0.0198
2561,0.0198
2562,0.0198
2563,0.0198
2564,0.0198
2565,0.0198
2566,0.0198
2567,0.0198
2568,0.1497
2569,0.1497
2570,0.1497
2571,0.1497
2572,0.1497
2573,0.1497
2574,0.1497
2575,0.1497
2576,0.1497
2577,0.1497
2578,0.1497
2579,0.1497
2580,0.1497
2581,0.1497
2582,0.1497
2583,0.1497
2584,0.3373
2585,0.3373
2586,0.3373
2587,0.3373
2588,0.3373
2589,0.3373
2590,0.3373
2591,0.3373
2592,0.3373
2593,0.3373
2594,0.3373
2595,0.3373
2596,0.0765
2597,0.0765
2598,0.0765
2599,0.0765
2600,0.0765
2601,0.0765
2602,0.0765
2603,0.0765
2604,0.0765
2605,0.0765
2606,0.0765
2607,0.0765
2608,0.0765
2609,0.0765
2610,0.0765
2611,0.0765
2612,0.0765
2613,0.0765
2614,0.0765
2615,0.0765
2616,0.0765
2617,0.0765
2618,0.0765
2619,0.0765
2620,0.0093
2621,0.0093
2622,0.0093
2623,0.0093
2624,0.0093
2625,0.0093
2626,0.0093
2627,0.0093
2628,0.0093
2629,0.0093
2630,0.0093
2631,0.0093
2632,0.0082
2633,0.0082
2634,0.0082
2635,0.0082
2636,0.0082
2637,0.0082
2638,0.0082
2639,0.0082
2640,0.0082
2641,0.0082
2642,0.0082
2643,0.0082
2644,0.0082
2645,0.0082
2646,0.0082
2647,0.0082
2648,0.0082
2649,0.0082
2650,0.0082
2651,0.0082
2652,0.0082
2653,0.0082
2654,0.0082
2655,0.0082
2656,0.0198
2657,0.0198
2658,0.0198
2659,0.0198
2660,0.0198
2661,0.0198
2662,0.0198
2663,0.0198
2664,0.0198
2665,0.0198
2666,0.0198
2667,0.0198
2668,0.0198
2669,0.0198
2670,0.0198
2671,0.0198
2672,0.0198
2673,0.0198
2674,0.0198
2675,0.1497
2676,0.1497
2677,0.1497
2678,0.1497
2679,0.1497
2680,0.1497
2681,0.1497
2682,0.1497
2683,0.1497
2684,0.1497
2685,0.1497
2686,0.1497
2687,0.1497
2688,0.1497
2689,0.1497
2690,0.1497
2691,0.3373
2692,0.3373
2693,0.3373
2694,0.3373
2695,0.3373
2696,0.3373
2697,0.3373
2698,0.3373
2699,0.3373
2700,0.3373
2701,0.3373
2702,0.3373
2703,0.0765
2704,0.0765
2705,0.0765
2706,0.0765
2707,0.0765
2708,0.0765
2709,0.0765
2710,0.0765
2711,0.0765
2712,0.0765
2713,0.0765
2714,0.0765
2715,0.0765
2716,0.0765
2717,0.0765
2718,0.0765
2719,0.0765
2720,0.0765
2721,0.0765
2722,0.0765
2723,0.0765
2724,0.0765
2725,0.0765
2726,0.0765
2727,0.0093
2728,0.0093
2729,0.0093
2730,0.0093
2731,0.0093
2732,0.0093
2733,0.0093
2734,0.0093
2735,0.0093
2736,0.0093
2737,0.0093
2738,0.0093
2739,0.0082
2740,0.0082
2741,0.0082
2742,0.0082
2743,0.0082
2744,0.0082
2745,0.0082
2746,0.0082
2747,0.0082
2748,0.0082
2749,0.0082
2750,0.0082
2751,0.0082
2752,0.0082
2753,0.0082
2754,0.0082
2755,0.0082
2756,0.0082
2757,0.0082
2758,0.0082
2759,0.0082
2760,0.0082
2761,0.0082
2762,0.0082
2763,0.0198
2764,0.0198
2765,0.0198
2766,0.0198
2767,0.0198
2768,0.0198
2769,0.0198
2770,0.0198
2771,0.0198
2772,0.0198
2773,0.0198
2774,0.0198
2775,0.0198
2776,0.0198
2777,0.0198
2778,0.0198
2779,0.0198
2780,0.0198
2781,0.0198
2782,0.1497
2783,0.1497
2784,0.1497
2785,0.1497
2786,0.1497
2787,0.1497
2788,0.1497
2789,0.1497
2790,0.1497
2791,0.1497
2792,0.1497
2793,0.1497
2794,0.1497
2795,0.1497
2796,0.1497
2797,0.1497
2798,0.3373
2799,0.3373
2800,0.3373
2801,0.3373
2802,0.3373
2803,0.3373
2804,0.3373
2805,0.3373
2806,0.3373
2807,0.3373
2808,0.3373
2809,0.3373
2810,0.0765
2811,0.0765
2812,0.0765
2813,0.0765
2814,0.0765
2815,0.0765
2816,0.0765
2817,0.0765
2818,0.0765
2819,0.0765
2820,0.0765
2821,0.0765
2822,0.0765
2823,0.0765
2824,0.0765
2825,0.0765
2826,0.0765
2827,0.0765
2828,0.0765
2829,0.0765
2830,0.0765
2831,0.0765
2832,0.0765
2833,0.0765
2834,0.0093
2835,0.0093
2836,0.0093
2837,0.0093
2838,0.0093
2839,0.0093
2840,0.0093
2841,0.0093
2842,0.0093
2843,0.0093
2844,0.0093
2845,0.0093
2846,0.0082
2847,0.0082
2848,0.0082
2849,0.0082
2850,0.0082
2851,0.0082
2852,0.0082
2853,0.0082
2854,0.0082
2855,0.0082
2856,0.0082
2857,0.0082
2858,0.0082
2859,0.0082
2860,0.0082
2861,0.0082
2862,0.0082
2863,0.0082
2864,0.0082
2865,0.0082
2866,0.0082
2867,0.0082
2868,0.0082
2869,0.0082
2870,0.0198
2871,0.0198
2872,0.0198
2873,0.0198
2874,0.0198
2875,0.0198
2876,0.0198
2877,0.0198
2878,0.0198
2879,0.0198
2880,0.0198
2881,0.0198
2882,0.0198
2883,0.0198
2884,0.0198
2885,0.0198
2886,0.0198
2887,0.0198
2888,0.0198
2889,0.1497
2890,0.1497
2891,0.1497
2892,0.1497
2893,0.1497
2894,0.1497
2895,0.1497
2896,0.1497
2897,0.1497
2898,0.1497
2899,0.1497
2900,0.1497
2901,0.1497
2902,0.1497
2903,0.1497
2904,0.1497
2905,0.3373
2906,0.3373
2907,0.3373
2908,0.3373
2909,0.3373
2910,0.3373
2911,0.3373
2912,0.3373
2913,0.3373
2914,0.3373
2915,0.3373
2916,0.3373
2917,0.0765
2918,0.0765
2919,0.0765
2920,0.0765
2921,0.0765
2922,0.0765
2923,0.0765
2924,0.0765
2925,0.0765
2926,0.0765
2927,0.0765
2928,0.0765
2929,0.0765
2930,0.0765
2931,0.0765
2932,0.0765
2933,0.0765
2934,0.0765
2935,0.0765
2936,0.0765
2937,0.0765
2938,0.0765
2939,0.0765
2940,0.0765
2941,0.0093
2942,0.0093
2943,0.0093
2944,0.0093
2945,0.0093
2946,0.0093
2947,0.0093
2948,0.0093
2949,0.0093
2950,0.0093
2951,0.0093
2952,0.0093
2953,0.0082
2954,0.0082
2955,0.0082
2956,0.0082
2957,0.0082
2958,0.0082
2959,0.0082
2960,0.0082
2961,0.0082
2962,0.0082
2963,0.0082
2964,0.0082
2965,0.0082
2966,0.0082
2967,0.0082
2968,0.0082
2969,0.0082
2970,0.0082
2971,0.0082
2972,0.0082
2973,0.0082
2974,0.0082
2975,0.0082
2976,0.0082
2977,0.0198
2978,0.0198
2979,0.0198
2980,0.0198
2981,0.0198
2982,0.0198
2983,0.0198
2984,0.0198
2985,0.0198
2986,0.0198
2987,0.0198
2988,0.0198
2989,0.0198
2990,0.0198
2991,0.0198
2992,0.0198
2993,0.0198
2994,0.0198
2995,0.0198
2996,0.1497
2997,0.1497
2998,0.1497
2999,0.1497
3000,0.1497
3001,0.1497
3002,0.1497
3003,0.1497
3004,0.1497
3005,0.1497
3006,0.1497
3007,0.1497
3008,0.1497
3009,0.1497
3010,0.1497
3011,0.1497
3012,0.3373
3013,0.3373
3014,0.3373
3015,0.3373
3016,0.3373
3017,0.3373
3018,0.3373
3019,0.3373
3020,0.3373
3021,0.3373
3022,0.3373
3023,0.3373
3024,0.0765
3025,0.0765
3026,0.0765
3027,0.0765
3028,0.0765
3029,0.0765
3030,0.0765
3031,0.0765
3032,0.0765
3033,0.0765
3034,0.0765
3035,0.0765
3036,0.0765
3037,0.0765
3038,0.0765
3039,0.0765
3040,0.0765
3041,0.0765
3042,0.0765
3043,0.0765
3044,0.0765
3045,0.0765
3046,0.0765
3047,0.0765
3048,0.0093
3049,0.0093
3050,0.0093
3051,0.0093
3052,0.0093
3053,0.0093
3054,0.0093
3055,0.0093
3056,0.0093
3057,0.0093
3058,0.0093
3059,0.0093
3060,0.0082
3061,0.0082
3062,0.0082
3063,0.0082
3064,0.0082
3065,0.0082
3066,0.0082
3067,0.0082
3068,0.0082
3069,0.0082
3070,0.0082
3071,0.0082
3072,0.0082
3073,0.0082
3074,0.0082
3075,0.0082
3076,0.0082
3077,0.0082
3078,0.0082
3079,0.0082
3080,0.0082
3081,0.0082
3082,0.0082
3083,0.0082
3084,0.0198
3085,0.0198
3086,0.0198
3087,0.0198
3088,0.0198
3089,0.0198
3090,0.0198
3091,0.0198
3092,0.0198
3093,0.0198
3094,0.0198
3095,0.0198
3096,0.0198
3097,0.0198
3098,0.0198
3099,0.0198
3100,0.0198
3101,0.0198
3102,0.0198
3103,0.1497
3104,0.1497
3105,0.1497
3106,0.1497
3107,0.1497
3108,0.1497
3109,0.1497
3110,0.1497
3111,0.1497
3112,0.1497
3113,0.1497
3114,0.1497
3115,0.1497
3116,0.1497
3117,0.1497
3118,0.1497
3119,0.3373
3120,0.3373
3121,0.3373
3122,0.3373
3123,0.3373
3124,0.3373
3125,0.3373
3126,0.3373
3127,0.3373
3128,0.3373
3129,0.3373
3130,0.3373
3131,0.0765
3132,0.0765
3133,0.0765
3134,0.0765
3135,0.0765
3136,0.0765
3137,0.0765
3138,0.0765
3139,0.0765
3140,0.0765
3141,0.0765
3142,0.0765
3143,0.0765
3144,0.0765
3145,0.0765
3146,0.0765
3147,0.0765
3148,0.0765
3149,0.0765
3150,0.0765
3151,0.0765
3152,0.0765
3153,0.0765
3154,0.0765
3155,0.0093
3156,0.0093
3157,0.0093
3158,0.0093
3159,0.0093
3160,0.0093
3161,0.0093
3162,0.0093
3163,0.0093
3164,0.0093
3165,0.0093
3166,0.0093
3167,0.0082
3168,0.0082
3169,0.0082
3170,0.0082
3171,0.0082
3172,0.0082
3173,0.0082
3174,0.0082
3175,0.0082
3176,0.0082
3177,0.0082
3178,0.0082
3179,0.0082
3180,0.0082
3181,0.0082
3182,0.0082
3183,0.0082
3184,0.0082
3185,0.0082
3186,0.0082
3187,0.0082
3188,0.0082
3189,0.0082
3190,0.0082
3191,0.0198
3192,0.0198
3193,0.0198
3194,0.0198
3195,0.0198
3196,0.0198
3197,0.0198
3198,0.0198
3199,0.0198
3200,0.0198
3201,0.0198
3202,0.0198
3203,0.0198
3204,0.0198
3205,0.0198
3206,0.0198
3207,0.0198
3208,0.0198
3209,0.0198
3210,0.1497
3211,0.1497
3212,0.1497
3213,0.1497
3214,0.1497
3215,0.1497
3216,0.1497
3217,0.1497
3218,0.1497
3219,0.1497
3220,0.1497
3221,0.1497
3222,0.1497
3223,0.1497
3224,0.1497
3225,0.1497
3226,0.3373
3227,0.3373
3228,0.3373
3229,0.3373
3230,0.3373
3231,0.3373
3232,0.3373
3233,0.3373
3234,0.3373
3235,0.3373
3236,0.3373
3237,0.3373
3238,0.0765
3239,0.0765
3240,0.0765
3241,0.0765
3242,0.0765
3243,0.0765
3244,0.0765
3245,0.0765
3246,0.0765
3247,0.0765
3248,0.0765
3249,0.0765
3250,0.0765
3251,0.0765
3252,0.0765
3253,0.0765
3254,0.0765
3255,0.0765
3256,0.0765
3257,0.0765
3258,0.0765
3259,0.0765
3260,0.0765
3261,0.0765
3262,0.0093
3263,0.0093
3264,0.0093
3265,0.0093
3266,0.0093
3267,0.0093
3268,0.0093
3269,0.0093
3270,0.0093
3271,0.0093
3272,0.0093
3273,0.0093
3274,0.0082
3275,0.0082
3276,0.0082
3277,0.0082
3278,0.0082
3279,0.0082
3280,0.0082
3281,0.0082
3282,0.0082
3283,0.0082
3284,0.0082
3285,0.0082
3286,0.0082
3287,0.0082
3288,0.0082
3289,0.0082
3290,0.0082
3291,0.0082
3292,0.0082
3293,0.0082
3294,0.0082
3295,0.0082
3296,0.0082
3297,0.0082
3298,0.0198
3299,0.0198
3300,0.0198
3301,0.0198
3302,0.0198
3303,0.0198
3304,0.0198
3305,0.0198
3306,0.0198
3307,0.0198
3308,0.0198
3309,0.0198
3310,0.0198
3311,0.0198
3312,0.0198
3313,0.0198
3314,0.0198
3315,0.0198
3316,0.0198
3317,0.1497
3318,0.1497
3319,0.1497
3320,0.1497
3321,0.1497
3322,0.1497
3323,0.1497
3324,0.1497
3325,0.1497
3326,0.1497
3327,0.1497
3328,0.1497
3329,0.1497
3330,0.1497
3331,0.1497
3332,0.1497
3333,0.3373
3334,0.3373
3335,0.3373
3336,0.3373
3337,0.3373
3338,0.3373
3339,0.3373
3340,0.3373
3341,0.3373
3342,0.3373
3343,0.3373
3344,0.3373
3345,0.0765
3346,0.0765
3347,0.0765
3348,0.0765
3349,0.0765
3350,0.0765
3351,0.0765
3352,0.0765
3353,0.0765
3354,0.0765
3355,0.0765
3356,0.0765
3357,0.0765
3358,0.0765
3359,0.0765
3360,0.0765
3361,0.0765
3362,0.0765
3363,0.0765
3364,0.0765
3365,0.0765
3366,0.0765
3367,0.0765
3368,0.0765
3369,0.0093
3370,0.0093
3371,0.0093
3372,0.0093
3373,0.0093
3374,0.0093
3375,0.0093
3376,0.0093
3377,0.0093
3378,0.0093
3379,0.0093
3380,0.0093
3381,0.0082
3382,0.0082
3383,0.0082
3384,0.0082
3385,0.0082
3386,0.0082
3387,0.0082
3388,0.0082
3389,0.0082
3390,0.0082
3391,0.0082
3392,0.0082
3393,0.0082
3394,0.0082
3395,0.0082
3396,0.0082
3397,0.0082
3398,0.0082
3399,0.0082
3400,0.0082
3401,0.0082
3402,0.0082
3403,0.0082
3404,0.0082
3405,0.0198
3406,0.0198
3407,0.0198
3408,0.0198
3409,0.0198
3410,0.0198
3411,0.0198
3412,0.0198
3413,0.0198
3414,0.0198
3415,0.0198
3416,0.0198
3417,0.0198
3418,0.0198
3419,0.0198
3420,0.0198
3421,0.0198
3422,0.0198
3423,0.0198
3424,0.1497
3425,0.1497
3426,0.1497
3427,0.1497
3428,0.1497
3429,0.1497
3430,0.1497
3431,0.1497
3432,0.1497
3433,0.1497
3434,0.1497
3435,0.1497
3436,0.1497
3437,0.1497
3438,0.1497
3439,0.1497
3440,0.3373
3441,0.3373
3442,0.3373
3443,0.3373
3444,0.3373
3445,0.3373
3446,0.3373
3447,0.3373
3448,0.3373
3449,0.3373
3450,0.3373
3451,0.3373
3452,0.0765
3453,0.0765
3454,0.0765
3455,0.0765
3456,0.0765
3457,0.0765
3458,0.0765
3459,0.0765
3460,0.0765
3461,0.0765
3462,0.0765
3463,0.0765
3464,0.0765
3465,0.0765
3466,0.0765
3467,0.0765
3468,0.0765
3469,0.0765
3470,0.0765
3471,0.0765
3472,0.0765
3473,0.0765
3474,0.0765
3475,0.0765
3476,0.0093
3477,0.0093
3478,0.0093
3479,0.0093
3480,0.0093
3481,0.0093
3482,0.0093
3483,0.0093
3484,0.0093
3485,0.0093
3486,0.0093
3487,0.0093
3488,0.0082
3489,0.0082
3490,0.0082
3491,0.0082
3492,0.0082
3493,0.0082
3494,0.0082
3495,0.0082
3496,0.0082
3497,0.0082
3498,0.0082
3499,0.0082
3500,0.0082
3501,0.0082
3502,0.0082
3503,0.0082
3504,0.0082
3505,0.0082
3506,0.0082
3507,0.0082
3508,0.0082
3509,0.0082
3510,0.0082
3511,0.0082
3512,0.0198
3513,0.0198
3514,0.0198
3515,0.0198
3516,0.0198
3517,0.0198
3518,0.0198
3519,0.0198
3520,0.0198
3521,0.0198
3522,0.0198
3523,0.0198
3524,0.0198
3525,0.0198
3526,0.0198
3527,0.0198
3528,0.0198
3529,0.0198
3530,0.0198
3531,0.1497
3532,0.1497
3533,0.1497
3534,0.1497
3535,0.1497
3536,0.1497
3537,0.1497
3538,0.1497
3539,0.1497
3540,0.1497
3541,0.1497
3542,0.1497
3543,0.1497
3544,0.1497
3545,0.1497
3546,0.1497
3547,0.3373
3548,0.3373
3549,0.3373
3550,0.3373
3551,0.3373
3552,0.3373
3553,0.3373
3554,0.3373
3555,0.3373
3556,0.3373
3557,0.3373
3558,0.3373
3559,0.0765
3560,0.0765
3561,0.0765
3562,0.0765
3563,0.0765
3564,0.0765
3565,0.0765
3566,0.0765
3567,0.0765
3568,0.0765
3569,0.0765
3570,0.0765
3571,0.0765
3572,0.0765
3573,0.0765
3574,0.0765
3575,0.0765
3576,0.0765
3577,0.0765
3578,0.0765
3579,0.0765
3580,0.0765
3581,0.0765
3582,0.0765
3583,0.0093
3584,0.0093
3585,0.0093
3586,0.0093
3587,0.0093
3588,0.0093
3589,0.0093
3590,0.0093
3591,0.0093
3592,0.0093
3593,0.0093
3594,0.0093
3595,0.0082
3596,0.0082
3597,0.0082
3598,0.0082
3599,0.0082
3600,0.0082
3601,0.0082
3602,0.0082
3603,0.0082
3604,0.0082
3605,0.0082
3606,0.0082
3607,0.0082
3608,0.0082
3609,0.0082
3610,0.0082
3611,0.0082
3612,0.0082
3613,0.0082
3614,0.0082
3615,0.0082
3616,0.0082
3617,0.0082
3618,0.0082
3619,0.0198
3620,0.0198
3621,0.0198
3622,0.0198
3623,0.0198
3624,0.0198
3625,0.0198
3626,0.0198
3627,0.0198
3628,0.0198
3629,0.0198
3630,0.0198
3631,0.0198
3632,0.0198
3633,0.0198
3634,0.0198
3635,0.0198
3636,0.0198
3637,0.0198
3638,0.1497
3639,0.1497
3640,0.1497
3641,0.1497
3642,0.1497
3643,0.1497
3644,0.1497
3645,0.1497
3646,0.1497
3647,0.1497
3648,0.1497
3649,0.1497
3650,0.1497
3651,0.1497
3652,0.1497
3653,0.1497
3654,0.3373
3655,0.3373
3656,0.3373
3657,0.3373
3658,0.3373
3659,0.3373
3660,0.3373
3661,0.3373
3662,0.3373
3663,0.3373
3664,0.3373
3665,0.3373
3666,0.0765
3667,0.0765
3668,0.0765
3669,0.0765
3670,0.0765
3671,0.0765
3672,0.0765
3673,0.0765
3674,0.0765
3675,0.0765
3676,0.0765
3677,0.0765
3678,0.0765
3679,0.0765
3680,0.0765
3681,0.0765
3682,0.0765
3683,0.0765
3684,0.0765
3685,0.0765
3686,0.0765
3687,0.0765
3688,0.0765
3689,0.0765
3690,0.0093
3691,0.0093
3692,0.0093
3693,0.0093
3694,0.0093
3695,0.0093
3696,0.0093
3697,0.0093
3698,0.0093
3699,0.0093
3700,0.0093
3701,0.0093
3702,0.0082
3703,0.0082
3704,0.0082
3705,0.0082
3706,0.0082
3707,0.0082
3708,0.0082
3709,0.0082
3710,0.0082
3711,0.0082
3712,0.0082
3713,0.0082
3714,0.0082
3715,0.0082
3716,0.0082
3717,0.0082
3718,0.0082
3719,0.0082
3720,0.0082
3721,0.0082
3722,0.0082
3723,0.0082
3724,0.0082
3725,0.0082
3726,0.0198
3727,0.0198
3728,0.0198
3729,0.0198
3730,0.0198
3731,0.0198
3732,0.0198
3733,0.0198
3734,0.0198
3735,0.0198
3736,0.0198
3737,0.0198
3738,0.0198
3739,0.0198
3740,0.0198
3741,0.0198
3742,0.0198
3743,0.0198
3744,0.0198
3745,0.1497
3746,0.1497
3747,0.1497
3748,0.1497
3749,0.1497
3750,0.1497
3751,0.1497
3752,0.1497
3753,0.1497
3754,0.1497
3755,0.1497
3756,0.1497
3757,0.1497
3758,0.1497
3759,0.1497
3760,0.1497
3761,0.3373
3762,0.3373
3763,0.3373
3764,0.3373
3765,0.3373
3766,0.3373
3767,0.3373
3768,0.3373
3769,0.3373
3770,0.3373
3771,0.3373
3772,0.3373
3773,0.0765
3774,0.0765
3775,0.0765
3776,0.0765
3777,0.0765
3778,0.0765
3779,0.0765
3780,0.0765
3781,0.0765
3782,0.0765
3783,0.0765
3784,0.0765
3785,0.0765
3786,0.0765
3787,0.0765
3788,0.0765
3789,0.0765
3790,0.0765
3791,0.0765
3792,0.0765
3793,0.0765
3794,0.0765
3795,0.0765
3796,0.0765
3797,0.0093
3798,0.0093
3799,0.0093
3800,0.0093
3801,0.0093
3802,0.0093
3803,0.0093
3804,0.0093
3805,0.0093
3806,0.0093
3807,0.0093
3808,0.0093
3809,0.0082
3810,0.0082
3811,0.0082
3812,0.0082
3813,0.0082
3814,0.0082
3815,0.0082
3816,0.0082
3817,0.0082
3818,0.0082
3819,0.0082
3820,0.0082
3821,0.0082
3822,0.0082
3823,0.0082
3824,0.0082
3825,0.0082
3826,0.0082
3827,0.0082
3828,0.0082
3829,0.0082
3830,0.0082
3831,0.0082
3832,0.0082
3833,0.0198
3834,0.0198
3835,0.0198
3836,0.0198
3837,0.0198
3838,0.0198
3839,0.0198
3840,0.0198
3841,0.0198
3842,0.0198
3843,0.0198
3844,0.0198
3845,0.0198
3846,0.0198
3847,0.0198
3848,0.0198
3849,0.0198
3850,0.0198
3851,0.0198
3852,0.1497
3853,0.1497
3854,0.1497
3855,0.1497
3856,0.1497
3857,0.1497
3858,0.1497
3859,0.1497
3860,0.1497
3861,0.1497
3862,0.1497
3863,0.1497
3864,0.1497
3865,0.1497
3866,0.1497
3867,0.1497
3868,0.3373
3869,0.3373
3870,0.3373
3871,0.3373
3872,0.3373
3873,0.3373
3874,0.3373
3875,0.3373
3876,0.3373
3877,0.3373
3878,0.3373
3879,0.3373
3880,0.0765
3881,0.0765
3882,0.0765
3883,0.0765
3884,0.0765
3885,0.0765
3886,0.0765
3887,0.0765
3888,0.0765
3889,0.0765
3890,0.0765
3891,0.0765
3892,0.0765
3893,0.0765
3894,0.0765
3895,0.0765
3896,0.0765
3897,0.0765
3898,0.0765
3899,0.0765
3900,0.0765
3901,0.0765
3902,0.0765
3903,0.0765
3904,0.0093
3905,0.0093
3906,0.0093
3907,0.0093
3908,0.0093
3909,0.0093
3910,0.0093
3911,0.0093
3912,0.0093
3913,0.0093
3914,0.0093
3915,0.0093
3916,0.0082
3917,0.0082
3918,0.0082
3919,0.0082
3920,0.0082
3921,0.0082
3922,0.0082
3923,0.0082
3924,0.0082
3925,0.0082
3926,0.0082
3927,0.0082
3928,0.0082
3929,0.0082
3930,0.0082
3931,0.0082
3932,0.0082
3933,0.0082
3934,0.0082
3935,0.0082
3936,0.0082
3937,0.0082
3938,0.0082
3939,0.0082
3940,0.0198
3941,0.0198
3942,0.0198
3943,0.0198
3944,0.0198
3945,0.0198
3946,0.0198
3947,0.0198
3948,0.0198
3949,0.0198
3950,0.0198
3951,0.0198
3952,0.0198
3953,0.0198
3954,0.0198
3955,0.0198
3956,0.0198
3957,0.0198
3958,0.0198
3959,0.1497
3960,0.1497
3961,0.1497
3962,0.1497
3963,0.1497
3964,0.1497
3965,0.1497
3966,0.1497
3967,0.1497
3968,0.1497
3969,0.1497
3970,0.1497
3971,0.1497
3972,0.1497
3973,0.1497
3974,0.1497
3975,0.3373
3976,0.3373
3977,0.3373
3978,0.3373
3979,0.3373
3980,0.3373
3981,0.3373
3982,0.3373
3983,0.3373
3984,0.3373
3985,0.3373
3986,0.3373
3987,0.0765
3988,0.0765
3989,0.0765
3990,0.0765
3991,0.0765
3992,0.0765
3993,0.0765
3994,0.0765
3995,0.0765
3996,0.0765
3997,0.0765
3998,0.0765
3999,0.0765
4000,0.0765
4001,0.0765
4002,0.0765
4003,0.0765
4004,0.0765
4005,0.0765
4006,0.0765
4007,0.0765
4008,0.0765
4009,0.0765
4010,0.0765
4011,0.0093
4012,0.0093
4013,0.0093
4014,0.0093
4015,0.0093
4016,0.0093
4017,0.0093
4018,0.0093
4019,0.0093
4020,0.0093
4021,0.0093
4022,0.0093
4023,0.0082
4024,0.0082
4025,0.0082
4026,0.0082
4027,0.0082
4028,0.0082
4029,0.0082
4030,0.0082
4031,0.0082
4032,0.0082
4033,0.0082
4034,0.0082
4035,0.0082
4036,0.0082
4037,0.0082
4038,0.0082
4039,0.0082
4040,0.0082
4041,0.0082
4042,0.0082
4043,0.0082
4044,0.0082
4045,0.0082
4046,0.0082
4047,0.0198
4048,0.0198
4049,0.0198
4050,0.0198
4051,0.0198
4052,0.0198
4053,0.0198
4054,0.0198
4055,0.0198
4056,0.0198
4057,0.0198
4058,0.0198
4059,0.0198
4060,0.0198
4061,0.0198
4062,0.0198
4063,0.0198
4064,0.0198
4065,0.0198
4066,0.1497
4067,0.1497
4068,0.1497
4069,0.1497
4070,0.1497
4071,0.1497
4072,0.1497
4073,0.1497
4074,0.1497
4075,0.1497
4076,0.1497
4077,0.1497
4078,0.1497
4079,0.1497
4080,0.1497
4081,0.1497
4082,0.3373
4083,0.3373
4084,0.3373
4085,0.3373
4086,0.3373
4087,0.3373
4088,0.3373
4089,0.3373
4090,0.3373
4091,0.3373
4092,0.3373
4093,0.3373
4094,0.0765
4095,0.0765
4096,0.0765
4097,0.0765
4098,0.0765
4099,0.0765
4100,0.0765
4101,0.0765
4102,0.0765
4103,0.0765
4104,0.0765
4105,0.0765
4106,0.0765
4107,0.0765
4108,0.0765
4109,0.0765
4110,0.0765
4111,0.0765
4112,0.0765
4113,0.0765
4114,0.0765
4115,0.0765
4116,0.0765
4117,0.0765
4118,0.0093
4119,0.0093
4120,0.0093
4121,0.0093
4122,0.0093
4123,0.0093
4124,0.0093
4125,0.0093
4126,0.0093
4127,0.0093
4128,0.0093
4129,0.0093
4130,0.0082
4131,0.0082
4132,0.0082
4133,0.0082
4134,0.0082
4135,0.0082
4136,0.0082
4137,0.0082
4138,0.0082
4139,0.0082
4140,0.0082
4141,0.0082
4142,0.0082
4143,0.0082
4144,0.0082
4145,0.0082
4146,0.0082
4147,0.0082
4148,0.0082
4149,0.0082
4150,0.0082
4151,0.0082
4152,0.0082
4153,0.0082
4154,0.0198
4155,0.0198
4156,0.0198
4157,0.0198
4158,0.0198
4159,0.0198
4160,0.0198
4161,0.0198
4162,0.0198
4163,0.0198
4164,0.0198
4165,0.0198
4166,0.0198
4167,0.0198
4168,0.0198
4169,0.0198
4170,0.0198
4171,0.0198
4172,0.0198
4173,0.1497
4174,0.1497
4175,0.1497
4176,0.1497
4177,0.1497
4178,0.1497
4179,0.1497
4180,0.1497
4181,0.1497
4182,0.1497
4183,0.1497
4184,0.1497
4185,0.1497
4186,0.1497
4187,0.1497
4188,0.1497
4189,0.3373
4190,0.3373
4191,0.3373
4192,0.3373
4193,0.3373
4194,0.3373
4195,0.3373
4196,0.3373
4197,0.3373
4198,0.3373
4199,0.3373
4200,0.3373
4201,0.0765
4202,0.0765
4203,0.0765
4204,0.0765
4205,0.0765
4206,0.0765
4207,0.0765
4208,0.0765
4209,0.0765
4210,0.0765
4211,0.0765
4212,0.0765
4213,0.0765
4214,0.0765
4215,0.0765
4216,0.0765
4217,0.0765
4218,0.0765
4219,0.0765
4220,0.0765
4221,0.0765
4222,0.0765
4223,0.0765
4224,0.0765
4225,0.0093
4226,0.0093
4227,0.0093
4228,0.0093
4229,0.0093
4230,0.0093
4231,0.0093
4232,0.0093
4233,0.0093
4234,0.0093
4235,0.0093
4236,0.0093
4237,0.0082
4238,0.0082
4239,0.0082
4240,0.0082
4241,0.0082
4242,0.0082
4243,0.0082
4244,0.0082
4245,0.0082
4246,0.0082
4247,0.0082
4248,0.0082
4249,0.0082
4250,0.0082
4251,0.0082
4252,0.0082
4253,0.0082
4254,0.0082
4255,0.0082
4256,0.0082
4257,0.0082
4258,0.0082
4259,0.0082
4260,0.0082
4261,0.0198
4262,0.0198
4263,0.0198
4264,0.0198
4265,0.0198
4266,0.0198
4267,0.0198
4268,0.0198
4269,0.0198
4270,0.0198
4271,0.0198
4272,0.0198
4273,0.0198
4274,0.0198
4275,0.0198
4276,0.0198
4277,0.0198
4278,0.0198
4279,0.0198
4280,0.1497
4281,0.1497
4282,0.1497
4283,0.1497
4284,0.1497
4285,0.1497
4286,0.1497
4287,0.1497
4288,0.1497
4289,0.1497
4290,0.1497
4291,0.1497
4292,0.1497
4293,0.1497
4294,0.1497
4295,0.1497
4296,0.3373
4297,0.3373
4298,0.3373
4299,0.3373
4300,0.3373
4301,0.3373
4302,0.3373
4303,0.3373
4304,0.3373
4305,0.3373
4306,0.3373
4307,0.3373
4308,0.0765
4309,0.0765
4310,0.0765
4311,0.0765
4312,0.0765
4313,0.0765
4314,0.0765
4315,0.0765
4316,0.0765
4317,0.0765
4318,0.0765
4319,0.0765
4320,0.0765
4321,0.0765
4322,0.0765
4323,0.0765
4324,0.0765
4325,0.0765
4326,0.0765
4327,0.0765
4328,0.0765
4329,0.0765
4330,0.0765
4331,0.0765
4332,0.0093
4333,0.0093
4334,0.0093
4335,0.0093
4336,0.0093
4337,0.0093
4338,0.0093
4339,0.0093
4340,0.0093
4341,0.0093
4342,0.0093
4343,0.0093
4344,0.0082
4345,0.0082
4346,0.0082
4347,0.0082
4348,0.0082
4349,0.0082
4350,0.0082
4351,0.0082
4352,0.0082
4353,0.0082
4354,0.0082
4355,0.0082
4356,0.0082
4357,0.0082
4358,0.0082
4359,0.0082
4360,0.0082
4361,0.0082
4362,0.0082
4363,0.0082
4364,0.0082
4365,0.0082
4366,0.0082
4367,0.0082
4368,0.0198
4369,0.0198
4370,0.0198
4371,0.0198
4372,0.0198
4373,0.0198
4374,0.0198
4375,0.0198
4376,0.0198
4377,0.0198
4378,0.0198
4379,0.0198
4380,0.0198
4381,0.0198
4382,0.0198
4383,0.0198
4384,0.0198
4385,0.0198
4386,0.0198
4387,0.1497
4388,0.1497
4389,0.1497
4390,0.1497
4391,0.1497
4392,0.1497
4393,0.1497
4394,0.1497
4395,0.1497
4396,0.1497
4397,0.1497
4398,0.1497
4399,0.1497
4400,0.1497
4401,0.1497
4402,0.1497
4403,0.3373
4404,0.3373
4405,0.3373
4406,0.3373
4407,0.3373
4408,0.3373
4409,0.3373
4410,0.3373
4411,0.3373
4412,0.3373
4413,0.3373
4414,0.3373
4415,0.0765
4416,0.0765
4417,0.0765
4418,0.0765
4419,0.0765
4420,0.0765
4421,0.0765
4422,0.0765
4423,0.0765
4424,0.0765
4425,0.0765
4426,0.0765
4427,0.0765
4428,0.0765
4429,0.0765
4430,0.0765
4431,0.0765
4432,0.0765
4433,0.0765
4434,0.0765
4435,0.0765
4436,0.0765
4437,0.0765
4438,0.0765
4439,0.0093
4440,0.0093
4441,0.0093
4442,0.0093
4443,0.0093
4444,0.0093
4445,0.0093
4446,0.0093
4447,0.0093
4448,0.0093
4449,0.0093
4450,0.0093
4451,0.0082
4452,0.0082
4453,0.0082
4454,0.0082
4455,0.0082
4456,0.0082
4457,0.0082
4458,0.0082
4459,0.0082
4460,0.0082
4461,0.0082
4462,0.0082
4463,0.0082
4464,0.0082
4465,0.0082
4466,0.0082
4467,0.0082
4468,0.0082
4469,0.0082
4470,0.0082
4471,0.0082
4472,0.0082
4473,0.0082
4474,0.0082
4475,0.0198
4476,0.0198
4477,0.0198
4478,0.0198
4479,0.0198
4480,0.0198
4481,0.0198
4482,0.0198
4483,0.0198
4484,0.0198
4485,0.0198
4486,0.0198
4487,0.0198
4488,0.0198
4489,0.0198
4490,0.0198
4491,0.0198
4492,0.0198
4493,0.0198
4494,0.1497
4495,0.1497
4496,0.1497
4497,0.1497
4498,0.1497
4499,0.1497
4500,0.1497
4501,0.1497
4502,0.1497
4503,0.1497
4504,0.1497
4505,0.1497
4506,0.1497
4507,0.1497
4508,0.1497
4509,0.1497
4510,0.3373
4511,0.3373
4512,0.3373
4513,0.3373
4514,0.3373
4515,0.3373
4516,0.3373
4517,0.3373
4518,0.3373
4519,0.3373
4520,0.3373
4521,0.3373
4522,0.0765
4523,0.0765
4524,0.0765
4525,0.0765
4526,0.0765
4527,0.0765
4528,0.0765
4529,0.0765
4530,0.0765
4531,0.0765
4532,0.0765
4533,0.0765
4534,0.0765
4535,0.0765
4536,0.0765
4537,0.0765
4538,0.0765
4539,0.0765
4540,0.0765
4541,0.0765
4542,0.0765
4543,0.0765
4544,0.0765
4545,0.0765
4546,0.0093
4547,0.0093
4548,0.0093
4549,0.0093
4550,0.0093
4551,0.0093
4552,0.0093
4553,0.0093
4554,0.0093
4555,0.0093
4556,0.0093
4557,0.0093
4558,0.0082
4559,0.0082
4560,0.0082
4561,0.0082
4562,0.0082
4563,0.0082
4564,0.0082
4565,0.0082
4566,0.0082
4567,0.0082
4568,0.0082
4569,0.0082
4570,0.0082
4571,0.0082
4572,0.0082
4573,0.0082
4574,0.0082
4575,0.0082
4576,0.0082
4577,0.0082
4578,0.0082
4579,0.0082
4580,0.0082
4581,0.0082
4582,0.0198
4583,0.0198
4584,0.0198
4585,0.0198
4586,0.0198
4587,0.0198
4588,0.0198
4589,0.0198
4590,0.0198
4591,0.0198
4592,0.0198
4593,0.0198
4594,0.0198
4595,0.0198
4596,0.0198
4597,0.0198
4598,0.0198
4599,0.0198
4600,0.0198
4601,0.1497
4602,0.1497
4603,0.1497
4604,0.1497
4605,0.1497
4606,0.1497
4607,0.1497
4608,0.1497
4609,0.1497
4610,0.1497
4611,0.1497
4612,0.1497
4613,0.1497
4614,0.1497
4615,0.1497
4616,0.1497
4617,0.3373
4618,0.3373
4619,0.3373
4620,0.3373
4621,0.3373
4622,0.3373
4623,0.3373
4624,0.3373
4625,0.3373
4626,0.3373
4627,0.3373
4628,0.3373
4629,0.0765
4630,0.0765
4631,0.0765
4632,0.0765
4633,0.0765
4634,0.0765
4635,0.0765
4636,0.0765
4637,0.0765
4638,0.0765
4639,0.0765
4640,0.0765
4641,0.0765
4642,0.0765
4643,0.0765
4644,0.0765
4645,0.0765
4646,0.0765
4647,0.0765
4648,0.0765
4649,0.0765
4650,0.0765
4651,0.0765
4652,0.0765
4653,0.0093
4654,0.0093
4655,0.0093
4656,0.0093
4657,0.0093
4658,0.0093
4659,0.0093
4660,0.0093
4661,0.0093
4662,0.0093
4663,0.0093
4664,0.0093
4665,0.0082
4666,0.0082
4667,0.0082
4668,0.0082
4669,0.0082
4670,0.0082
4671,0.0082
4672,0.0082
4673,0.0082
4674,0.0082
4675,0.0082
4676,0.0082
4677,0.0082
4678,0.0082
4679,0.0082
4680,0.0082
4681,0.0082
4682,0.0082
4683,0.0082
4684,0.0082
4685,0.0082
4686,0.0082
4687,0.0082
4688,0.0082
4689,0.0198
4690,0.0198
4691,0.0198
4692,0.0198
4693,0.0198
4694,0.0198
4695,0.0198
4696,0.0198
4697,0.0198
4698,0.0198
4699,0.0198
4700,0.0198
4701,0.0198
4702,0.0198
4703,0.0198
4704,0.0198
4705,0.0198
4706,0.0198
4707,0.0198
4708,0.1497
4709,0.1497
4710,0.1497
4711,0.1497
4712,0.1497
4713,0.1497
4714,0.1497
4715,0.1497
4716,0.1497
4717,0.1497
4718,0.1497
4719,0.1497
4720,0.1497
4721,0.1497
4722,0.1497
4723,0.1497
4724,0.3373
4725,0.3373
4726,0.3373
4727,0.3373
4728,0.3373
4729,0.3373
4730,0.3373
4731,0.3373
4732,0.3373
4733,0.3373
4734,0.3373
4735,0.3373
4736,0.0765
4737,0.0765
4738,0.0765
4739,0.0765
4740,0.0765
4741,0.0765
4742,0.0765
4743,0.0765
4744,0.0765
4745,0.0765
4746,0.0765
4747,0.0765
4748,0.0765
4749,0.0765
4750,0.0765
4751,0.0765
4752,0.0765
4753,0.0765
4754,0.0765
4755,0.0765
4756,0.0765
4757,0.0765
4758,0.0765
4759,0.0765
4760,0.0093
4761,0.0093
4762,0.0093
4763,0.0093
4764,0.0093
4765,0.0093
4766,0.0093
4767,0.0093
4768,0.0093
4769,0.0093
4770,0.0093
4771,0.0093
4772,0.0082
4773,0.0082
4774,0.0082
4775,0.0082
4776,0.0082
4777,0.0082
4778,0.0082
4779,0.0082
4780,0.0082
4781,0.0082
4782,0.0082
4783,0.0082
4784,0.0082
4785,0.0082
4786,0.0082
4787,0.0082
4788,0.0082
4789,0.0082
4790,0.0082
4791,0.0082
4792,0.0082
4793,0.0082
4794,0.0082
4795,0.0082
4796,0.0198
4797,0.0198
4798,0.0198
4799,0.0198
4800,0.0198
4801,0.0198
4802,0.0198
4803,0.0198
4804,0.0198
4805,0.0198
4806,0.0198
4807,0.0198
4808,0.0198
4809,0.0198
4810,0.0198
4811,0.0198
4812,0.0198
4813,0.0198
4814,0.0198
4815,0.1497
4816,0.1497
4817,0.1497
4818,0.1497
4819,0.1497
4820,0.1497
4821,0.1497
4822,0.1497
4823,0.1497
4824,0.1497
4825,0.1497
4826,0.1497
4827,0.1497
4828,0.1497
4829,0.1497
4830,0.1497
4831,0.3373
4832,0.3373
4833,0.3373
4834,0.3373
4835,0.3373
4836,0.3373
4837,0.3373
4838,0.3373
4839,0.3373
4840,0.3373
4841,0.3373
4842,0.3373
4843,0.0765
4844,0.0765
4845,0.0765
4846,0.0765
4847,0.0765
4848,0.0765
4849,0.0765
4850,0.0765
4851,0.0765
4852,0.0765
4853,0.0765
4854,0.0765
4855,0.0765
4856,0.0765
4857,0.0765
4858,0.0765
4859,0.0765
4860,0.0765
4861,0.0765
4862,0.0765
4863,0.0765
4864,0.0765
4865,0.0765
4866,0.0765
4867,0.0093
4868,0.0093
4869,0.0093
4870,0.0093
4871,0.0093
4872,0.0093
4873,0.0093
4874,0.0093
4875,0.0093
4876,0.0093
4877,0.0093
4878,0.0093
4879,0.0082
4880,0.0082
4881,0.0082
4882,0.0082
4883,0.0082
4884,0.0082
4885,0.0082
4886,0.0082
4887,0.0082
4888,0.0082
4889,0.0082
4890,0.0082
4891,0.0082
4892,0.0082
4893,0.0082
4894,0.0082
4895,0.0082
4896,0.0082
4897,0.0082
4898,0.0082
4899,0.0082
4900,0.0082
4901,0.0082
4902,0.0082
4903,0.0198
4904,0.0198
4905,0.0198
4906,0.0198
4907,0.0198
4908,0.0198
4909,0.0198
4910,0.0198
4911,0.0198
4912,0.0198
4913,0.0198
4914,0.0198
4915,0.0198
4916,0.0198
4917,0.0198
4918,0.0198
4919,0.0198
4920,0.0198
4921,0.0198
4922,0.1497
4923,0.1497
4924,0.1497
4925,0.1497
4926,0.1497
4927,0.1497
4928,0.1497
4929,0.1497
4930,0.1497
4931,0.1497
4932,0.1497
4933,0.1497
4934,0.1497
4935,0.1497
4936,0.1497
4937,0.1497
4938,0.3373
4939,0.3373
4940,0.3373
4941,0.3373
4942,0.3373
4943,0.3373
4944,0.3373
4945,0.3373
4946,0.3373
4947,0.3373
4948,0.3373
4949,0.3373
4950,0.0765
4951,0.0765
4952,0.0765
4953,0.0765
4954,0.0765
4955,0.0765
4956,0.0765
4957,0.0765
4958,0.0765
4959,0.0765
4960,0.0765
4961,0.0765
4962,0.0765
4963,0.0765
4964,0.0765
4965,0.0765
4966,0.0765
4967,0.0765
4968,0.0765
4969,0.0765
4970,0.0765
4971,0.0765
4972,0.0765
4973,0.0765
4974,0.0093
4975,0.0093
4976,0.0093
4977,0.0093
4978,0.0093
4979,0.0093
4980,0.0093
4981,0.0093
4982,0.0093
4983,0.0093
4984,0.0093
4985,0.0093
4986,0.0082
4987,0.0082
4988,0.0082
4989,0.0082
4990,0.0082
4991,0.0082
4992,0.0082
4993,0.0082
4994,0.0082
4995,0.0082
4996,0.0082
4997,0.0082
4998,0.0082
4999,0.0082
5000,0.0082
5001,0.0082
5002,0.0082
5003,0.0082
5004,0.0082
5005,0.0082
5006,0.0082
5007,0.0082
5008,0.0082
5009,0.0082
5010,0.0198
5011,0.0198
5012,0.0198
5013,0.0198
5014,0.0198
5015,0.0198
5016,0.0198
5017,0.0198
5018,0.0198
5019,0.0198
5020,0.0198
5021,0.0198
5022,0.0198
5023,0.0198
5024,0.0198
5025,0.0198
5026,0.0198
5027,0.0198
5028,0.0198
5029,0.1497
5030,0.1497
5031,0.1497
5032,0.1497
5033,0.1497
5034,0.1497
5035,0.1497
5036,0.1497
5037,0.1497
5038,0.1497
5039,0.1497
5040,0.1497
5041,0.1497
5042,0.1497
5043,0.1497
5044,0.1497
5045,0.3373
5046,0.3373
5047,0.3373
5048,0.3373
5049,0.3373
5050,0.3373
5051,0.3373
5052,0.3373
5053,0.3373
5054,0.3373
5055,0.3373
5056,0.3373
5057,0.0765
5058,0.0765
5059,0.0765
5060,0.0765
5061,0.0765
5062,0.0765
5063,0.0765
5064,0.0765
5065,0.0765
5066,0.0765
5067,0.0765
5068,0.0765
5069,0.0765
5070,0.0765
5071,0.0765
5072,0.0765
5073,0.0765
5074,0.0765
5075,0.0765
5076,0.0765
5077,0.0765
5078,0.0765
5079,0.0765
5080,0.0765
5081,0.0093
5082,0.0093
5083,0.0093
5084,0.0093
5085,0.0093
5086,0.0093
5087,0.0093
5088,0.0093
5089,0.0093
5090,0.0093
5091,0.0093
5092,0.0093
5093,0.0082
5094,0.0082
5095,0.0082
5096,0.0082
5097,0.0082
5098,0.0082
5099,0.0082
5100,0.0082
5101,0.0082
5102,0.0082
5103,0.0082
5104,0.0082
5105,0.0082
5106,0.0082
5107,0.0082
5108,0.0082
5109,0.0082
5110,0.0082
5111,0.0082
5112,0.0082
5113,0.0082
5114,0.0082
5115,0.0082
5116,0.0082
5117,0.0198
5118,0.0198
5119,0.0198
5120,0.0198
5121,0.0198
5122,0.0198
5123,0.0198
5124,0.0198
5125,0.0198
5126,0.0198
5127,0.0198
5128,0.0198
5129,0.0198
5130,0.0198
5131,0.0198
5132,0.0198
5133,0.0198
5134,0.0198
5135,0.0198
5136,0.1497
5137,0.1497
5138,0.1497
5139,0.1497
5140,0.1497
5141,0.1497
5142,0.1497
5143,0.1497
5144,0.1497
5145,0.1497
5146,0.1497
5147,0.1497
5148,0.1497
5149,0.1497
5150,0.1497
5151,0.1497
5152,0.3373
5153,0.3373
5154,0.3373
5155,0.3373
5156,0.3373
5157,0.3373
5158,0.3373
5159,0.3373
5160,0.3373
5161,0.3373
5162,0.3373
5163,0.3373
5164,0.0765
5165,0.0765
5166,0.0765
5167,0.0765
5168,0.0765
5169,0.0765
5170,0.0765
5171,0.0765
5172,0.0765
5173,0.0765
5174,0.0765
5175,0.0765
5176,0.0765
5177,0.0765
5178,0.0765
5179,0.0765
5180,0.0765
5181,0.0765
5182,0.0765
5183,0.0765
5184,0.0765
5185,0.0765
5186,0.0765
5187,0.0765
5188,0.0093
5189,0.0093
5190,0.0093
5191,0.0093
5192,0.0093
5193,0.0093
5194,0.0093
5195,0.0093
5196,0.0093
5197,0.0093
5198,0.0093
5199,0.0093
5200,0.0082
5201,0.0082
5202,0.0082
5203,0.0082
5204,0.0082
5205,0.0082
5206,0.0082
5207,0.0082
5208,0.0082
5209,0.0082
5210,0.0082
5211,0.0082
5212,0.0082
5213,0.0082
5214,0.0082
5215,0.0082
5216,0.0082
5217,0.0082
5218,0.0082
5219,0.0082
5220,0.0082
5221,0.0082
5222,0.0082
5223,0.0082
5224,0.0198
5225,0.0198
5226,0.0198
5227,0.0198
5228,0.0198
5229,0.0198
5230,0.0198
5231,0.0198
5232,0.0198
5233,0.0198
5234,0.0198
5235,0.0198
5236,0.0198
5237,0.0198
5238,0.0198
5239,0.0198
5240,0.0198
5241,0.0198
5242,0.0198
