Latitud,Longitud,precip(mm)
-11.522504806999905,-75.91206359899991,0.13429534435272217
-11.523692130999905,-75.91178893999995,0.13429534435272217
-11.524069785999927,-75.91224670399993,0.13429534435272217
-11.524663924999913,-75.91308593799994,0.13429534435272217
-11.52520465899994,-75.9140014649999,0.13429534435272217
-11.525959968999928,-75.91548156699992,0.13429534435272217
-11.526418685999943,-75.91618347199994,0.13429534435272217
-11.526986121999926,-75.9166488649999,0.13429534435272217
-11.528201102999958,-75.91740417499994,0.13429534435272217
-11.52917289699991,-75.91810607899993,0.13429534435272217
-11.530334472999925,-75.91880798299991,0.13429534435272217
-11.532440185999917,-75.92028808599991,0.13429534435272217
-11.534464835999927,-75.92174529999994,0.13429534435272217
-11.535868644999937,-75.92288207999991,0.13429534435272217
-11.538919448999934,-75.9254760739999,0.13429534435272217
-11.540107726999906,-75.92533874499992,0.13429534435272217
-11.540794372999926,-75.92539215099993,0.13429534435272217
-11.54237556499993,-75.92644500699993,0.13429534435272217
-11.543536185999926,-75.92725372299992,0.13429534435272217
-11.544697761999942,-75.92835998499993,0.13429534435272217
-11.545885085999942,-75.9300384519999,0.13429534435272217
-11.547289847999934,-75.93238830599995,0.13429534435272217
-11.54858493799992,-75.93441009499992,0.13429534435272217
-11.549476623999908,-75.9361419679999,0.13429534435272217
-11.549773215999949,-75.93708801299994,0.13429534435272217
-11.549827575999927,-75.93856811499995,0.13429534435272217
-11.54990863799992,-75.93962097199994,0.13429534435272217
-11.550718306999954,-75.94129943799993,0.13429534435272217
-11.552176475999943,-75.94288635299995,0.13429534435272217
-11.55347251899991,-75.9439163209999,0.13429534435272217
-11.554687499999943,-75.94451141399992,0.13429534435272217
-11.555902480999919,-75.9449157709999,0.13429534435272217
-11.557198523999944,-75.94518279999994,0.13429534435272217
-11.558249473999922,-75.94575500499991,0.13429534435272217
-11.559222220999914,-75.94680786099991,0.13429534435272217
-11.560693740999909,-75.9476928709999,0.13429534435272217
-11.561868667999931,-75.94807434099994,0.13429534435272217
-11.56254386899991,-75.94861602799995,0.13429534435272217
-11.563192367999932,-75.9492874149999,0.13429534435272217
-11.563434600999926,-75.95018005399993,0.13429534435272217
-11.563894271999914,-75.9510726929999,0.13429534435272217
-11.564460753999924,-75.95190429699994,0.13429534435272217
-11.56540584599992,-75.95258331299993,0.13429534435272217
-11.567349433999937,-75.95430755599995,0.13429534435272217
-11.568645476999905,-75.95525360099992,0.13429534435272217
-11.569698333999952,-75.95628356899994,0.13429534435272217
-11.570832252999935,-75.95735931399992,0.13429534435272217
-11.571993827999961,-75.95838928199993,0.13429534435272217
-11.573046683999905,-75.95903778099995,0.13429534435272217
-11.573694228999955,-75.95914459199992,0.13429534435272217
-11.574774741999931,-75.95898437499994,0.13429534435272217
-11.575503348999916,-75.95886993399995,0.13429534435272217
-11.576227180999922,-75.9589066499999,0.13429534435272217
-11.576556205999907,-75.9589233399999,0.13429534435272217
-11.577339171999938,-75.95919799799992,0.13429534435272217
-11.578284263999933,-75.9596557619999,0.13429534435272217
-11.578932761999909,-75.95970916699991,0.13429534435272217
-11.58028221099994,-75.95949554399994,0.13429534435272217
-11.582199096999943,-75.95911407499995,0.13429534435272217
-11.583873748999906,-75.95881652799994,0.13429534435272217
-11.58524990099994,-75.95886993399995,0.13429534435272217
-11.587548255999934,-75.95919036899994,0.13429534435272217
-11.588930129999937,-75.95947265599995,0.13429534435272217
-11.590656280999951,-75.95996093799994,0.13429534435272217
-11.59235095999992,-75.96067810099993,0.13429534435272217
-11.593862533999925,-75.96192169199992,0.13429534435272217
-11.595239638999942,-75.96370696999992,0.13429534435272217
-11.596671103999938,-75.96537780799991,0.13429534435272217
-11.597237586999938,-75.9661331179999,0.13429534435272217
-11.598074912999948,-75.96770477299992,0.13429534435272217
-11.598729133999939,-75.96858978299991,0.13429534435272217
-11.599810599999955,-75.96958923299991,0.13429534435272217
-11.600641250999956,-75.96994018599992,0.13429534435272217
-11.602114676999918,-75.97033691399992,0.13429534435272217
-11.603054046999944,-75.97066497799995,0.13429534435272217
-11.60374450699993,-75.97109985399993,0.13429534435272217
-11.60455036199994,-75.97208404499992,0.13429534435272217
-11.604743957999915,-75.97383117699991,0.13429534435272217
-11.605229377999933,-75.97480010999993,0.13429534435272217
-11.605904578999912,-75.97534179699994,0.13429534435272217
-11.60695743599996,-75.9761810299999,0.13429534435272217
-11.607929229999911,-75.97666168199993,0.13429534435272217
-11.609090804999937,-75.97736358599991,0.13429534435272217
-11.61057567599994,-75.97820281999992,0.13429534435272217
-11.611466407999956,-75.97955322299993,0.13429534435272217
-11.611871718999907,-75.98063659699994,0.13429534435272217
-11.611844062999921,-75.9824142459999,0.13429534435272217
-11.612006186999906,-75.9833374019999,0.13429534435272217
-11.61224937399993,-75.98379516599994,0.13429534435272217
-11.61281585699993,-75.9842758179999,0.13429534435272217
-11.614220618999923,-75.98479461699992,0.13429534435272217
-11.615381240999909,-75.98530578599991,0.13429534435272217
-11.615867614999956,-75.98527526899994,0.13429534435272217
-11.616218566999919,-75.98514556899994,0.13429534435272217
-11.616758346999916,-75.98474121099991,0.13429534435272217
-11.617136001999938,-75.98446655299995,0.13429534435272217
-11.617703437999921,-75.98455047599992,0.13429534435272217
-11.618378638999957,-75.98479461699992,0.13429534435272217
-11.618837356999904,-75.98514556899994,0.13429534435272217
-11.619890212999906,-75.9855728149999,0.13429534435272217
-11.620780944999922,-75.98581695599995,0.13429534435272217
-11.621401786999911,-75.98609161399992,0.13429534435272217
-11.621995925999954,-75.98660278299991,0.13429534435272217
-11.62264442399993,-75.98722076399991,0.13429534435272217
-11.623291968999922,-75.98825073199993,0.13429534435272217
-11.62342739099995,-75.98908233599991,0.13429534435272217
-11.62325954399995,-75.99038696299993,0.13429534435272217
-11.623291968999922,-75.99251556399992,0.13429534435272217
-11.623464583999919,-75.9937973019999,0.13429534435272217
-11.623642920999941,-75.99462127699991,0.13429534435272217
-11.62355518299995,-75.99559020999993,0.13429534435272217
-12.059621810999943,-77.1480407709999,0.03813495859503746
-12.058364867999956,-77.14591216999992,0.03813495859503746
-12.056465148999905,-77.1441879269999,0.03813495859503746
-12.053882598999905,-77.1425170899999,0.03813495859503746
-12.051086425999927,-77.14036560099993,0.03813495859503746
-12.049929618999954,-77.13951873799994,0.03813495859503746
-12.049213408999947,-77.13869476299993,0.03813495859503746
-12.04885005999995,-77.13803863499993,0.03813495859503746
-12.048144340999954,-77.13616180399993,0.03813495859503746
-12.047673224999926,-77.13473510699993,0.03813495859503746
-12.044939040999907,-77.12722015399993,0.03813495859503746
-12.044458388999942,-77.12594604499992,0.03813495859503746
-12.044342040999936,-77.12514495799991,0.03813495859503746
-12.044365882999955,-77.12384033199993,0.03813495859503746
-12.044728278999912,-77.12160491899994,0.03813495859503746
-12.045417785999916,-77.1181793209999,0.03813495859503746
-12.046044349999931,-77.1146469119999,0.03813495859503746
-12.046796798999935,-77.11038207999991,0.03813495859503746
-12.047298430999945,-77.10720825199991,0.03813495859503746
-12.047168731999932,-77.1045989989999,0.03813495859503746
-12.046859740999935,-77.10139465299994,0.03813495859503746
-12.04672813399992,-77.10012054399994,0.03813495859503746
-12.04623317699992,-77.09842681899994,0.03813495859503746
-12.045313834999945,-77.09662628199993,0.03813495859503746
-12.043829917999915,-77.0935592649999,0.03813495859503746
-12.04213619199993,-77.09008789099994,0.03813495859503746
-12.04102897599995,-77.08793640099992,0.03813495859503746
-12.03980064399991,-77.08517456099992,0.03813495859503746
-12.03964233399995,-77.08459472699991,0.03813495859503746
-12.039429664999943,-77.0836029049999,0.03813495859503746
-12.039389609999944,-77.08316039999994,0.03813495859503746
-12.039257049999947,-77.0830612179999,0.03813495859503746
-12.039208411999937,-77.08279418899991,0.03813495859503746
-12.038710593999951,-77.0784225459999,0.03813495859503746
-12.038344382999924,-77.07492065399992,0.03813495859503746
-12.037980079999954,-77.07160949699994,0.03813495859503746
-12.037838935999957,-77.07009124799993,0.03813495859503746
-12.038001059999942,-77.06868743899992,0.03813495859503746
-12.038368224999942,-77.06587982199994,0.03813495859503746
-12.038910865999924,-77.0618362429999,0.03813495859503746
-12.039467811999941,-77.05812072799995,0.03813495859503746
-12.039909362999936,-77.0552444459999,0.03813495859503746
-12.040394782999954,-77.05171203599991,0.03813495859503746
-12.04062175799993,-77.0499114989999,0.03813495859503746
-12.04075050399996,-77.0484313959999,0.03813495859503746
-12.040449141999943,-77.04570007299992,0.03813495859503746
-12.04024028799995,-77.04431915299995,0.03813495859503746
-12.040108680999936,-77.04304504399994,0.03813495859503746
-12.039878844999919,-77.0404281619999,0.03813495859503746
-12.04003143299991,-77.0392456049999,0.03813495859503746
-12.04047870599993,-77.03703308099995,0.03813495859503746
-12.041283606999912,-77.03516387899992,0.03813495859503746
-12.04132175399991,-77.03506469699994,0.03813495859503746
-12.04234409299994,-77.03279113799994,0.03813495859503746
-12.04309272799992,-77.03096771199995,0.03813495859503746
-12.043471335999925,-77.02986907999991,0.03813495859503746
-12.04365062699992,-77.0278472899999,0.03813495859503746
-12.043478965999952,-77.02359771699992,0.03813495859503746
-12.043845176999923,-77.02158355699993,0.03813495859503746
-12.044481276999932,-77.01956939699994,0.03813495859503746
-12.044508933999907,-77.01816558799993,0.03813495859503746
-12.044052123999904,-77.01663207999991,0.03813495859503746
-12.043454169999904,-77.0153579709999,0.03813495859503746
-12.04163455999992,-77.01295471199995,0.03813495859503746
-12.04056739799995,-77.01135253899992,0.03813495859503746
-12.040081977999932,-77.01029205299994,0.03813495859503746
-12.039559363999956,-77.00921630899995,0.03813495859503746
-12.038657187999945,-77.00689697299993,0.03813495859503746
-12.03811931599995,-77.00560760499991,0.03813495859503746
-12.036810874999958,-77.00243377699991,0.03813495859503746
-12.035251616999915,-76.99848937999991,0.03813495859503746
-12.034835814999951,-76.99705505399993,0.03813495859503746
-12.034689902999958,-76.9953918459999,0.03813495859503746
-12.03500175499994,-76.99299621599994,0.03813495859503746
-12.036312102999943,-76.98979186999992,0.03813495859503746
-12.036534308999933,-76.98896026599994,0.03813495859503746
-12.036753653999938,-76.98876953099995,0.03813495859503746
-12.037257194999938,-76.98849487299992,0.03813495859503746
-12.038619040999947,-76.98738861099991,0.03813495859503746
-12.039844512999935,-76.98300170899995,0.03813495859503746
-12.040169715999923,-76.97566986099991,0.03813495859503746
-12.039403914999923,-76.97344970699993,0.03813495859503746
-12.03672313699991,-76.9700012209999,0.03813495859503746
-12.03454017599995,-76.96707153299991,0.03813495859503746
-12.033410071999924,-76.96508026099991,0.03813495859503746
-12.03225994099995,-76.96292877199994,0.03813495859503746
-12.030355452999913,-76.95837402299992,0.03813495859503746
-12.03000163999991,-76.95717620799991,0.03813495859503746
-12.029336928999953,-76.95502471899994,0.03813495859503746
-12.02860069299993,-76.95063018799993,0.03813495859503746
-12.028085708999924,-76.9476013179999,0.03813495859503746
-12.027729987999919,-76.94467163099995,0.03813495859503746
-12.027447700999915,-76.94278716999992,0.03813495859503746
-12.026964187999909,-76.9398803709999,0.03813495859503746
-12.026549338999928,-76.9373092649999,0.03813495859503746
-12.026216506999958,-76.93461608899992,0.03813495859503746
-12.025998115999926,-76.93338775599995,0.03813495859503746
-12.025717734999944,-76.9314117429999,0.03813495859503746
-12.02539539299994,-76.92901611299993,0.03813495859503746
-12.02460575099991,-76.92420196499995,0.03813495859503746
-12.024075507999953,-76.92056274399994,0.03813495859503746
-12.02376079599992,-76.9183578489999,0.03813495859503746
-12.023183822999954,-76.9147338869999,0.03813495859503746
-12.022865294999917,-76.9125366209999,0.03813495859503746
-12.022459983999909,-76.91055297899993,0.03813495859503746
-12.021889686999941,-76.90856170699993,0.03813495859503746
-12.021183967999946,-76.90639495799991,0.03813495859503746
-12.02042961099994,-76.9041213989999,0.03813495859503746
-12.019711493999921,-76.90202331499995,0.03813495859503746
-12.019142150999926,-76.9002151489999,0.03813495859503746
-12.018792151999946,-76.89871978799994,0.03813495859503746
-12.017686843999911,-76.8950347899999,0.03813495859503746
-12.016918181999927,-76.89252471899994,0.03813495859503746
-12.01615047499996,-76.89022064199992,0.03813495859503746
-12.01520729099991,-76.88745880099992,0.03813495859503746
-12.014736441999958,-76.88603579099993,0.03813495859503746
-12.014736441999958,-76.88603579099993,0.03813495859503746
-12.013705253999944,-76.8829193119999,0.03813495859503746
-12.012203216999922,-76.87858581499995,0.03813495859503746
-12.010561942999914,-76.87369537399991,0.03813495859503746
-12.01017761199995,-76.87202453599991,0.03813495859503746
-12.009688376999918,-76.86877441399992,0.03813495859503746
-12.009024619999934,-76.86524200399992,0.03813495859503746
-12.00843143499992,-76.86185455299994,0.03813495859503746
-12.007837295999934,-76.85885620099992,0.03813495859503746
-12.00685977899991,-76.85323333699995,0.03813495859503746
-12.006265639999924,-76.85025787399991,0.03813495859503746
-12.005532264999943,-76.84722137499995,0.03813495859503746
-12.003827094999906,-76.84459686299994,0.03813495859503746
-12.00207710299992,-76.84223937999991,0.03813495859503746
-12.00101852399996,-76.8410415649999,0.03813495859503746
-12.00000476799994,-76.83972167999991,0.03813495859503746
-11.99835300399991,-76.8379211429999,0.03813495859503746
-11.996947288999934,-76.83589935299995,0.03813495859503746
-11.995903014999953,-76.83441924999994,0.03813495859503746
-11.99514961199992,-76.8332824709999,0.03813495859503746
-11.994470595999928,-76.83171081499995,0.03813495859503746
-11.993549346999941,-76.82952117899993,0.03813495859503746
-11.992466926999953,-76.82682800299995,0.03813495859503746
-11.991520881999918,-76.82447051999992,0.03813495859503746
-11.990377425999952,-76.82177734399994,0.03813495859503746
-11.989443778999942,-76.81936645499991,0.03813495859503746
-11.988287925999941,-76.81661224399994,0.03813495859503746
-11.986862182999914,-76.81310272199994,0.03813495859503746
-11.985744475999923,-76.81038665799991,0.03813495859503746
-11.984970092999959,-76.80846404999994,0.03813495859503746
-11.984354972999938,-76.8067474369999,0.03813495859503746
-11.983597754999948,-76.80474853499993,0.03813495859503746
-11.982933997999908,-76.80195617699991,0.03813495859503746
-11.982480048999946,-76.79975891099991,0.03813495859503746
-11.981536864999953,-76.79584503199993,0.03813495859503746
-11.980663299999947,-76.79252624499992,0.03813495859503746
-11.979721068999936,-76.7881927489999,0.03813495859503746
-11.978987693999954,-76.7850189209999,0.03813495859503746
-11.97846317299991,-76.78288268999995,0.03813495859503746
-11.978044509999904,-76.78086090099993,0.03813495859503746
-11.977590560999943,-76.77851867699991,0.03813495859503746
-11.977240561999906,-76.77674102799995,0.03813495859503746
-11.975688933999947,-76.77301025399993,0.03813495859503746
-11.975111960999925,-76.77161407499995,0.03813495859503746
-11.974450110999953,-76.76977539099994,0.03813495859503746
-11.97414398199993,-76.76828002899992,0.03813495859503746
-11.973911284999929,-76.7660903929999,0.03813495859503746
-11.973257064999927,-76.76039123499993,0.03813495859503746
-11.972840308999935,-76.75899505599995,0.03813495859503746
-11.972386359999916,-76.75773620599995,0.03813495859503746
-11.971198081999944,-76.75476837199994,0.03813495859503746
-11.969800948999932,-76.75113677999991,0.03813495859503746
-11.968823432999955,-76.74879455599995,0.03813495859503746
-11.968299865999938,-76.74701690699993,0.03813495859503746
-11.967949866999959,-76.74593353299991,0.03813495859503746
-11.967705726999952,-76.74520111099991,0.03813495859503746
-11.967741012999909,-76.74453735399993,0.03813495859503746
-11.96739101399993,-76.74331664999994,0.03813495859503746
-11.966832160999957,-76.74170684799992,0.03813495859503746
-11.966378211999938,-76.74069213899992,0.03813495859503746
-11.965330123999934,-76.73922729499992,0.03813495859503746
-11.964352607999956,-76.73807525599995,0.03813495859503746
-11.96354961399993,-76.7369232179999,0.03813495859503746
-11.962923049999915,-76.73603820799991,0.03813495859503746
-11.962246894999907,-76.73534393299991,0.03813495859503746
-11.961532592999959,-76.7340316769999,0.03813495859503746
-11.961223601999905,-76.73338317899993,0.03813495859503746
-11.959086417999913,-76.73181915299995,0.03813495859503746
-11.958349227999918,-76.73131561299994,0.03813495859503746
-11.956498145999944,-76.72989654499992,0.03813495859503746
-11.955810546999942,-76.72927856399991,0.03813495859503746
-11.955225944999938,-76.72866058299991,0.03813495859503746
-11.954901694999933,-76.72814941399992,0.03813495859503746
-11.954442977999918,-76.72721862799995,0.03813495859503746
-11.953810691999934,-76.7246017459999,0.03813495859503746
-11.953549384999917,-76.72344207799995,0.03813495859503746
-11.95343398999995,-76.7231216429999,0.03813495859503746
-11.953059195999913,-76.72245025599995,0.03813495859503746
-11.952996253999913,-76.72112274199992,0.03813495859503746
-11.952711104999935,-76.72031402599993,0.03813495859503746
-11.95236396799993,-76.7197799679999,0.03813495859503746
-11.951771735999955,-76.71717071499995,0.03813495859503746
-11.951561927999933,-76.71578979499992,0.03813495859503746
-11.951533317999917,-76.71389770499991,0.03813495859503746
-11.951118468999937,-76.71229553199993,0.03813495859503746
-11.950509070999942,-76.71158599899991,0.03813495859503746
-11.949003219999952,-76.7111968989999,0.03813495859503746
-11.947849273999907,-76.7106704709999,0.03813495859503746
-11.947075843999926,-76.70914459199992,0.03813495859503746
-11.946152686999937,-76.70833587599992,0.03813495859503746
-11.94577217099993,-76.70799255399993,0.03813495859503746
-11.945514678999928,-76.70734405499991,0.03813495859503746
-11.945537566999917,-76.7050552369999,0.03813495859503746
-11.945424079999952,-76.70316314699994,0.03813495859503746
-11.945239066999932,-76.70165252699991,0.03813495859503746
-11.944632529999922,-76.70028686499995,0.03813495859503746
-11.94395351399993,-76.6992492679999,0.03813495859503746
-11.943646430999934,-76.69892883299991,0.03813495859503746
-11.94175529499995,-76.69687652599993,0.03813495859503746
-11.94012641899991,-76.69518279999994,0.03813495859503746
-11.938484191999919,-76.69349670399993,0.03813495859503746
-11.937086104999935,-76.69212341299993,0.03813495859503746
-11.936136245999933,-76.69163513199993,0.03813495859503746
-11.93445301099996,-76.69132232699991,0.03813495859503746
-11.93381500199996,-76.6912155149999,0.03813495859503746
-11.93313693999994,-76.6907043459999,0.03813495859503746
-11.932797431999916,-76.69022369399994,0.03813495859503746
-11.93259334599992,-76.68960571299993,0.03813495859503746
-11.932007789999943,-76.68902587899993,0.03813495859503746
-11.931146621999915,-76.68828582799995,0.03813495859503746
-11.930748939999944,-76.6880569459999,0.03813495859503746
-11.930455207999955,-76.68786621099991,0.03813495859503746
-11.930300712999951,-76.68761444099994,0.03813495859503746
-11.930175780999946,-76.6871032709999,0.03813495859503746
-11.930035590999921,-76.68688201899994,0.03813495859503746
-11.929483413999947,-76.68637847899993,0.03813495859503746
-11.927550315999952,-76.68388366699992,0.03813495859503746
-11.92637538899993,-76.68177032499995,0.03813495859503746
-11.926299094999933,-76.68072509799993,0.03813495859503746
-11.926380156999926,-76.67936706499995,0.03813495859503746
-11.926788329999908,-76.67855071999992,0.03813495859503746
-11.927332877999959,-76.67792510999993,0.03813495859503746
-11.92752265899992,-76.67745971699992,0.03813495859503746
-11.924361228999942,-76.6723403929999,0.8771824240684509
-11.924067496999953,-76.6698989869999,0.8771824240684509
-11.923904418999939,-76.66666412399991,0.8771824240684509
-11.92385005999995,-76.6638870239999,0.8771824240684509
-11.923874854999951,-76.66146850599995,0.8771824240684509
-11.92417716999995,-76.6592330929999,0.8771824240684509
-11.92481517799996,-76.6567535399999,0.8771824240684509
-11.92543506599992,-76.65515899699994,0.8771824240684509
-11.926271438999947,-76.65319061299994,0.8771824240684509
-11.926951407999923,-76.65169525099992,0.8771824240684509
-11.927359580999905,-76.6504211429999,0.8771824240684509
-11.92761897999992,-76.64883422899993,0.8771824240684509
-11.927925109999933,-76.64755248999995,0.8771824240684509
-11.927886962999935,-76.64631652799994,0.8771824240684509
-11.927577971999938,-76.6450881959999,0.8771824240684509
-11.927332877999959,-76.6441345209999,0.8771824240684509
-11.926979064999955,-76.64373016399992,0.8771824240684509
-11.926380156999926,-76.64347839399994,0.8771824240684509
-11.925183295999943,-76.64239501999992,0.8771824240684509
-11.925271033999934,-76.6410903929999,0.8771824240684509
-11.924612044999947,-76.63845062299993,0.8771824240684509
-11.923731803999942,-76.63648223899992,0.8771824240684509
-11.922870635999914,-76.63491058299991,0.8771824240684509
-11.92251682299991,-76.63374328599991,0.8771824240684509
-11.922381400999939,-76.63224792499994,0.8771824240684509
-11.92265319799992,-76.63131713899992,0.8771824240684509
-11.922598838999932,-76.6299362179999,0.8771824240684509
-11.922081946999924,-76.62715911899994,0.8771824240684509
-11.921156882999924,-76.62481689499992,0.8771824240684509
-11.919851302999916,-76.62220764199992,0.8771824240684509
-11.91830062899993,-76.61972808799993,0.8771824240684509
-11.916559218999907,-76.61766052199994,0.8771824240684509
-11.91528034199996,-76.61589813199993,0.8771824240684509
-11.913974761999953,-76.61420440699993,0.8771824240684509
-11.913423537999961,-76.61328124999994,0.8771824240684509
-11.913267135999945,-76.61263275099992,0.8771824240684509
-11.914055823999945,-76.6111373899999,0.8771824240684509
-11.914822577999928,-76.61018371599994,0.8771824240684509
-11.91487216899992,-76.60947418199993,0.8771824240684509
-11.914600371999938,-76.60806274399994,0.8771824240684509
-11.913838386999942,-76.6063461299999,0.8771824240684509
-11.913130759999945,-76.60356903099995,0.8771824240684509
-11.912163733999932,-76.59966278099995,0.8771824240684509
-11.911123275999955,-76.5978775019999,0.8771824240684509
-11.91051959999993,-76.59614562999991,0.8771824240684509
-11.909703254999954,-76.59505462599992,0.8771824240684509
-11.90894126899991,-76.59396362299992,0.8771824240684509
-11.908995627999957,-76.59298706099992,0.8771824240684509
-11.909186362999947,-76.5922241209999,0.8771824240684509
-11.909485816999904,-76.59114074699994,0.8771824240684509
-11.910002707999922,-76.59020996099991,0.8771824240684509
-11.91106319399995,-76.58912658699995,0.8771824240684509
-11.911770820999948,-76.58833312999991,0.8771824240684509
-11.912260055999923,-76.58740997299992,0.8771824240684509
-11.912315368999941,-76.58539581299993,0.8771824240684509
-11.912015914999927,-76.5831909179999,0.8771824240684509
-11.911171912999919,-76.58052825899995,0.8771824240684509
-11.91027450599995,-76.57889556899994,0.8771824240684509
-11.909143447999952,-76.57741546599993,0.8771824240684509
-11.909104346999925,-76.57587432899993,0.8771824240684509
-11.90954017599995,-76.57424163799993,0.8771824240684509
-11.909648894999918,-76.57340240499991,0.8771824240684509
-11.91027450599995,-76.57250213599991,0.8771824240684509
-11.911008834999905,-76.57184600799991,0.8771824240684509
-11.911471366999933,-76.57144164999994,0.8771824240684509
-11.911825179999937,-76.57048797599992,0.8771824240684509
-11.912315368999941,-76.56977844199992,0.8771824240684509
-11.913076400999955,-76.56937408399995,0.8771824240684509
-11.913784026999906,-76.5689926149999,0.8771824240684509
-11.91435527799996,-76.5683898929999,0.8771824240684509
-11.915480613999932,-76.56698608399995,0.8771824240684509
-11.916640281999946,-76.56600189199992,0.8771824240684509
-11.917347907999954,-76.56515502899992,0.8771824240684509
-11.91791915899995,-76.56395721399991,0.8771824240684509
-11.918817519999948,-76.56284332299992,0.8771824240684509
-11.91928005199992,-76.56072235099992,0.8771824240684509
-11.919252395999933,-76.55892181399992,0.8771824240684509
-11.91908931699993,-76.55735015899995,0.8771824240684509
-11.91908931699993,-76.55612182599992,0.8771824240684509
-11.918980597999905,-76.55514526399992,0.8771824240684509
-11.918735503999926,-76.5543823239999,0.8771824240684509
-11.917783736999922,-76.55359649699994,0.8771824240684509
-11.916939734999914,-76.55332183799993,0.8771824240684509
-11.916477202999943,-76.55290985099992,0.8771824240684509
-11.916177749999918,-76.55209350599995,0.8771824240684509
-11.915634154999907,-76.55106353799994,0.8771824240684509
-11.915035247999924,-76.54962158199993,0.8771824240684509
-11.914763450999942,-76.54750060999993,0.8771824240684509
-11.914110183999924,-76.54513549799992,0.8771824240684509
-11.91375637099992,-76.54317474399994,0.8771824240684509
-11.912478446999955,-76.5406723019999,0.8771824240684509
-11.911362647999908,-76.5395812989999,0.8771824240684509
-11.910491942999954,-76.5388717649999,0.8771824240684509
-11.909186362999947,-76.53754424999994,0.8771824240684509
-11.907010077999928,-76.53482055699993,0.8771824240684509
-11.90518665299993,-76.53247833299991,0.8771824240684509
-11.90366363499993,-76.53076934799992,0.8771824240684509
-11.902956008999922,-76.52938079799992,0.8771824240684509
-11.902873992999957,-76.52834320099993,0.8771824240684509
-11.903399466999929,-76.52744293199993,0.8771824240684509
-11.903907775999926,-76.52651977499994,0.8771824240684509
-11.904860496999959,-76.52535247799995,0.8771824240684509
-11.905757903999927,-76.52429199199992,0.8771824240684509
-11.906519889999913,-76.52388763399995,0.8771824240684509
-11.907362937999949,-76.52375030499991,0.8771824240684509
-11.907961844999932,-76.52404785199991,0.8771824240684509
-11.908206939999957,-76.5247268679999,0.8771824240684509
-11.908315658999925,-76.52578735399993,0.8771824240684509
-11.908669471999929,-76.52627563499993,0.8771824240684509
-11.909648894999918,-76.52613830599995,0.8771824240684509
-11.910220145999915,-76.52597808799993,0.8771824240684509
-11.910600661999922,-76.5254592899999,0.8771824240684509
-11.909866332999911,-76.52418518099995,0.8771824240684509
-11.908696174999932,-76.5230941769999,0.8771824240684509
-11.907771110999931,-76.52214050299995,0.8771824240684509
-11.907472609999957,-76.52100372299992,0.8771824240684509
-11.90749931299996,-76.5196380619999,0.8771824240684509
-11.907608031999928,-76.51836395299995,0.8771824240684509
-11.90801620499991,-76.51741027799994,0.8771824240684509
-11.908043860999953,-76.51664733899992,0.8771824240684509
-11.906424521999952,-76.51401519799992,0.8771824240684509
-11.905077933999905,-76.51242828399995,0.8771824240684509
-11.904887198999916,-76.5117492679999,0.8771824240684509
-11.904806136999923,-76.51030731199995,0.8771824240684509
-11.904852866999931,-76.50907897899992,0.8771824240684509
-11.90474033399994,-76.50811767599993,0.8771824240684509
-11.904601096999954,-76.5070190429999,0.8771824240684509
-11.904250144999935,-76.5051193239999,0.8771824240684509
-11.903765677999957,-76.50428771999992,0.8771824240684509
-11.902930259999948,-76.50331115699993,0.8771824240684509
-11.902030944999922,-76.5025482179999,0.8771824240684509
-11.90071678199996,-76.50144195599995,0.8771824240684509
-11.899529456999915,-76.50017547599992,0.13429534435272217
-11.898790358999918,-76.49948883099995,0.13429534435272217
-11.897993087999907,-76.49889373799994,0.13429534435272217
-11.897298812999907,-76.49817657499995,0.13429534435272217
-11.896518706999927,-76.49765777599993,0.13429534435272217
-11.894082068999921,-76.49604797399991,0.13429534435272217
-11.892299651999906,-76.4946060179999,0.13429534435272217
-11.891112327999906,-76.4935150149999,0.13429534435272217
-11.89025688199996,-76.49246978799994,0.13429534435272217
-11.889682769999922,-76.49174499499992,0.13429534435272217
-11.888984679999908,-76.49027252199994,0.13429534435272217
-11.888535499999932,-76.48925018299991,0.13429534435272217
-11.88874721499991,-76.4876556399999,0.13429534435272217
-11.88819789899992,-76.4855728149999,0.13429534435272217
-11.88788700099991,-76.48454284699994,0.13429534435272217
-11.88772010799994,-76.48411560099993,0.13429534435272217
-11.887503623999919,-76.48355865499991,0.13429534435272217
-11.887003898999922,-76.48223876999992,0.13429534435272217
-11.886631011999953,-76.48100280799991,0.13429534435272217
-11.886320113999943,-76.47987365699993,0.13429534435272217
-11.886394500999927,-76.47919464099994,0.13429534435272217
-11.886960982999938,-76.47788238499993,0.13429534435272217
-11.88747501399996,-76.47673034699994,0.13429534435272217
-11.887397765999935,-76.47559356699992,0.13429534435272217
-11.887294768999936,-76.47480010999993,0.13429534435272217
-11.886574744999905,-76.47240447999991,0.13429534435272217
-11.885520934999931,-76.46973419199992,0.13429534435272217
-11.884337424999956,-76.4677505489999,0.13429534435272217
-11.883849143999953,-76.46685028099995,0.13429534435272217
-11.883720397999923,-76.46598052999991,0.13429534435272217
-11.884311675999925,-76.46492004399994,0.13429534435272217
-11.886696814999937,-76.46138763399995,0.13429534435272217
-11.887774466999929,-76.45926666299994,0.13429534435272217
-11.88833427399993,-76.45820617699991,0.13429534435272217
-11.889136313999927,-76.4556350709999,0.13429534435272217
-11.889630317999945,-76.45456695599995,0.13429534435272217
-11.889671325999927,-76.45345306399992,0.13429534435272217
-11.889116286999922,-76.45146179199992,0.13429534435272217
-11.888851165999938,-76.45024108899992,0.13429534435272217
-11.88855743399995,-76.4494018549999,0.13429534435272217
-11.887778281999942,-76.44753265399993,0.13429534435272217
-11.886996268999951,-76.44667053199993,0.13429534435272217
-11.885988234999957,-76.44606780999993,0.13429534435272217
-11.884960174999947,-76.44490051299994,0.13429534435272217
-11.88430118599996,-76.4439544679999,0.13429534435272217
-11.884137153999916,-76.44322967499994,0.13429534435272217
-11.884219169999938,-76.44246673599991,0.13429534435272217
-11.88323211699992,-76.43880462599992,0.13429534435272217
-11.882038115999933,-76.43617248499993,0.13429534435272217
-11.881545066999934,-76.4354095459999,0.13429534435272217
-11.880866050999941,-76.43397521999992,0.13429534435272217
-11.879426955999918,-76.43284606899994,0.13429534435272217
-11.879033088999961,-76.43220519999994,0.13429534435272217
-11.878540038999915,-76.43001556399992,0.13429534435272217
-11.877752303999955,-76.42905425999993,0.13429534435272217
-11.876791953999941,-76.42875671399992,0.13429534435272217
-11.875856399999918,-76.42851257299992,0.13429534435272217
-11.874329566999904,-76.42740631099991,0.13429534435272217
-11.873295783999936,-76.42708587599992,0.13429534435272217
-11.871768950999922,-76.42632293699995,0.13429534435272217
-11.870980262999922,-76.42575073199993,0.13429534435272217
-11.869379996999953,-76.42459869399994,0.13429534435272217
-11.867976188999933,-76.42437744099993,0.13429534435272217
-11.866966247999926,-76.42370605499991,0.13429534435272217
-11.866498946999911,-76.42319488499993,0.13429534435272217
-11.866343497999935,-76.42269134499992,0.13429534435272217
-11.865971564999938,-76.42259216299993,0.13429534435272217
-11.86562347399996,-76.42264556899994,0.13429534435272217
-11.865267753999944,-76.42294311499995,0.13429534435272217
-11.865021705999936,-76.42297363299991,0.13429534435272217
-11.864430427999935,-76.4227523799999,0.13429534435272217
-11.86374092099993,-76.42265319799992,0.13429534435272217
-11.862928390999912,-76.42235565199991,0.13429534435272217
-11.862361907999912,-76.42169189499992,0.13429534435272217
-11.861845015999904,-76.42058563199993,0.13429534435272217
-11.861401557999955,-76.41959381099991,0.13429534435272217
-11.860909461999938,-76.41806793199993,0.13429534435272217
-11.86041641199995,-76.41708373999995,0.13429534435272217
-11.860195159999932,-76.41637420699993,0.13429534435272217
-11.860243796999953,-76.41561126699992,0.13429534435272217
-11.860785483999905,-76.4153137209999,0.13429534435272217
-11.860884665999947,-76.4149398799999,0.13429534435272217
-11.86041641199995,-76.41420745799991,0.13429534435272217
-11.859733581999933,-76.41305541999992,0.13429534435272217
-11.858158111999956,-76.41051483199993,0.13429534435272217
-11.856113433999951,-76.40768432599992,0.13429534435272217
-11.855423926999947,-76.40657806399992,0.13429534435272217
-11.855153083999937,-76.40573883099995,0.13429534435272217
-11.85520267499993,-76.40433502199994,0.13429534435272217
-11.855645179999954,-76.40319824199992,0.13429534435272217
-11.855596541999944,-76.40278625499991,0.13429534435272217
-11.855103492999945,-76.40167236299993,0.13429534435272217
-11.854389190999939,-76.40022277799994,0.13429534435272217
-11.853238105999935,-76.39672851599994,0.13429534435272217
-11.852909087999933,-76.39550781199995,0.13429534435272217
-11.852615355999944,-76.39469146699992,0.13429534435272217
-11.851872443999923,-76.39314269999994,0.13429534435272217
-11.851460456999916,-76.39229583699995,0.13429534435272217
-11.85105705299992,-76.39144897499995,0.13429534435272217
-11.850529670999947,-76.39066314699994,0.13429534435272217
-11.849367141999949,-76.38967895499991,0.13429534435272217
-11.847564696999939,-76.38842773399995,0.13429534435272217
-11.846420287999933,-76.3875961299999,0.13429534435272217
-11.84536647799996,-76.38677215599995,0.13429534435272217
-11.84444141399996,-76.38547515899995,0.13429534435272217
-11.843688964999956,-76.3840637209999,0.13429534435272217
-11.842857360999915,-76.38228607199994,0.13429534435272217
-11.841925620999916,-76.38054656999992,0.13429534435272217
-11.840704917999915,-76.37864685099993,0.13429534435272217
-11.838922500999956,-76.37660217299992,0.13429534435272217
-11.837213515999906,-76.3752212519999,0.13429534435272217
-11.834788321999952,-76.37393951399991,0.13429534435272217
-11.833238601999938,-76.37284088099995,0.13429534435272217
-11.83208465599995,-76.37201690699993,0.13429534435272217
-11.830123900999922,-76.37003326399991,0.13429534435272217
-11.828534125999909,-76.36782836899994,0.13429534435272217
-11.827490806999947,-76.36659240699993,0.13429534435272217
-11.826418876999924,-76.36581420899995,0.13429534435272217
-11.824842452999917,-76.3646087649999,0.13429534435272217
-11.823672294999938,-76.36349487299992,0.13429534435272217
-11.822827338999957,-76.36260223399995,0.13429534435272217
-11.822027205999916,-76.36190032999991,0.13429534435272217
-11.821214675999954,-76.36125945999993,0.13429534435272217
-11.819983481999941,-76.36037445099993,0.13429534435272217
-11.819293975999926,-76.35975646999992,0.13429534435272217
-11.818431853999925,-76.35926055899995,0.13429534435272217
-11.817397117999917,-76.3583755489999,0.13429534435272217
-11.816978454999912,-76.35771179199992,0.13429534435272217
-11.816707610999913,-76.35709381099991,0.13429534435272217
-11.81609153699992,-76.35628509499992,0.13429534435272217
-11.815511702999913,-76.35531616199995,0.13429534435272217
-11.814835547999905,-76.3546371459999,0.13429534435272217
-11.81262493099996,-76.3539047239999,0.13429534435272217
-11.811781882999924,-76.35359954799992,0.13429534435272217
-11.811535834999916,-76.35300445599995,0.13429534435272217
-11.81165885899992,-76.35160064699994,0.13429534435272217
-11.81209754899993,-76.3487396239999,0.13429534435272217
-11.811966895999944,-76.3477630619999,0.13429534435272217
-11.811808585999927,-76.34677886999992,0.13429534435272217
-11.811271666999914,-76.34558105499991,0.13429534435272217
-11.810427665999953,-76.34419250499991,0.13429534435272217
-11.809442519999948,-76.3427886959999,0.13429534435272217
-11.808851241999946,-76.34212493899992,0.13429534435272217
-11.808309554999937,-76.34172820999993,0.13429534435272217
-11.806634902999917,-76.34150695799991,0.13429534435272217
-11.805525779999925,-76.3408889769999,0.13429534435272217
-11.804417609999916,-76.3403472899999,0.13429534435272217
-11.80345725999996,-76.34008026099991,0.13429534435272217
-11.80178260799994,-76.33943939199992,0.13429534435272217
-11.799614905999931,-76.33904266399992,0.13429534435272217
-11.797029494999947,-76.33889770499991,0.13429534435272217
-11.794590949999929,-76.33869934099994,0.13429534435272217
-11.793285369999921,-76.3385772709999,0.13429534435272217
-11.791733741999906,-76.3383560179999,0.13429534435272217
-11.791007995999905,-76.3374938959999,0.13429534435272217
-11.790176391999921,-76.33644866899994,0.13429534435272217
-11.789191245999916,-76.33589172399991,0.13429534435272217
-11.787251471999923,-76.33525085399992,0.13429534435272217
-11.78552722899991,-76.33512115499991,0.13429534435272217
-11.784511565999935,-76.33499908399995,0.13429534435272217
-11.783310889999939,-76.33389282199994,0.13429534435272217
-11.782110213999943,-76.33287811299994,0.13429534435272217
-11.78127956399993,-76.3318023679999,0.13429534435272217
-11.78109455099991,-76.33062744099993,0.13429534435272217
-11.781248092999931,-76.3294906619999,0.13429534435272217
-11.781771659999947,-76.32865905799991,0.13429534435272217
-11.78235626199995,-76.32776641799995,0.13429534435272217
-11.78238773299995,-76.32678222699991,0.13429534435272217
-11.78235626199995,-76.3258285519999,0.13429534435272217
-11.782756804999906,-76.32459258999995,0.13429534435272217
-11.783403396999915,-76.32333373999995,0.13429534435272217
-11.783680915999923,-76.32231903099995,0.13429534435272217
-11.783403396999915,-76.32136535599994,0.13429534435272217
-11.783556937999947,-76.32059478799994,0.13429534435272217
-11.783957480999959,-76.31976318399995,0.13429534435272217
-11.785188674999915,-76.31794738799994,0.13429534435272217
-11.786512374999916,-76.3163452149999,0.13429534435272217
-11.787190436999936,-76.31505584699994,0.13429534435272217
-11.788021087999937,-76.31403350799991,0.13429534435272217
-11.789807319999909,-76.31330108599991,0.13429534435272217
-11.789991378999957,-76.31262206999992,0.13429534435272217
-11.789622306999945,-76.31194305399993,0.13429534435272217
-11.788083075999907,-76.3112335209999,0.13429534435272217
-11.785907744999918,-76.30951690699993,0.13429534435272217
-11.784496306999927,-76.30782318099995,0.13429534435272217
-11.782726287999935,-76.30713653599992,0.13429534435272217
-11.78103256199995,-76.30658721899994,0.13429534435272217
-11.77798557299991,-76.3056030269999,0.13429534435272217
-11.776076316999934,-76.30474090599995,0.13429534435272217
-11.77212619799991,-76.30408477799995,0.13429534435272217
-11.770709990999933,-76.30343627899992,0.13429534435272217
-11.768598556999905,-76.30248260499991,0.13429534435272217
-11.766135215999952,-76.30171966599994,0.13429534435272217
-11.76480865499991,-76.30150604199991,0.13429534435272217
-11.762684821999926,-76.30043029799992,0.13429534435272217
-11.761299132999909,-76.29981231699992,0.13429534435272217
-11.75902080499992,-76.29784393299991,0.13429534435272217
-11.75788211799994,-76.29689025899995,0.13429534435272217
-11.756742476999932,-76.29571533199993,0.13429534435272217
-11.754834174999928,-76.29412078899992,0.13429534435272217
-11.753818511999953,-76.2934875489999,0.13429534435272217
-11.752513884999928,-76.29292297399991,0.13429534435272217
-11.751524924999956,-76.29191589399994,0.13429534435272217
-11.75055694599996,-76.29090118399995,0.13429534435272217
-11.749504088999913,-76.29000091599994,0.13429534435272217
-11.74736785899995,-76.28898620599995,0.13429534435272217
-11.74588489499996,-76.28850555399993,0.13429534435272217
-11.743864058999918,-76.28734588599991,0.13429534435272217
-11.741780280999933,-76.28499603299991,0.13429534435272217
-11.740736960999925,-76.28369903599992,0.13429534435272217
-11.739613532999954,-76.28217315699993,0.13429534435272217
-11.739192008999908,-76.28128814699994,0.13429534435272217
-11.738918303999924,-76.2805862429999,0.13429534435272217
-11.738328933999924,-76.27980804399994,0.13429534435272217
-11.737676619999945,-76.27802276599994,0.13429534435272217
-11.737339972999905,-76.27732849099993,0.13429534435272217
-11.736498832999928,-76.27587890599995,0.13429534435272217
-11.735930442999916,-76.27444457999991,0.13429534435272217
-11.73584556599991,-76.27397918699995,0.13429534435272217
-11.735740661999955,-76.27303314199992,0.13429534435272217
-11.73542499499996,-76.27162170399993,0.13429534435272217
-11.734793662999948,-76.27086639399994,0.13429534435272217
-11.733173369999918,-76.27072143599992,0.13429534435272217
-11.73239517199994,-76.27014923099995,0.13429534435272217
-11.732245444999933,-76.26991271999992,0.13429534435272217
-11.731762885999956,-76.26909637499995,0.13429534435272217
-11.731574058999911,-76.26647186299994,0.13429534435272217
-11.73186874399994,-76.26550292999991,0.13429534435272217
-11.732184409999945,-76.26451110799991,0.13429534435272217
-11.732583999999918,-76.26377105699993,0.13429534435272217
-11.73325729399994,-76.26278686499995,0.13429534435272217
-11.734183310999924,-76.25956726099992,0.13429534435272217
-11.73456191999992,-76.2580718989999,0.13429534435272217
-11.735130309999931,-76.25752258299991,0.13429534435272217
-11.736225127999944,-76.25729370099992,0.13429534435272217
-11.736877440999933,-76.2568893429999,0.13429534435272217
-11.73706626899991,-76.25655364999994,0.13429534435272217
-11.737466811999923,-76.25613403299991,0.13429534435272217
-11.73788738299993,-76.25584411599993,0.13429534435272217
-11.737676619999945,-76.2556304929999,0.13429534435272217
-11.736982345999934,-76.25556945799991,0.13429534435272217
-11.736037253999939,-76.25595855699993,0.13429534435272217
-11.734941482999943,-76.25670623799994,0.13429534435272217
-11.734162330999936,-76.25727081299993,0.13429534435272217
-11.733551978999913,-76.25859832799995,0.13429534435272217
-11.733173369999918,-76.25954437299993,0.13429534435272217
-11.733068465999906,-76.2603225709999,0.13429534435272217
-11.733225821999952,-76.26077270499991,0.13429534435272217
-11.733278274999918,-76.26093292199994,0.13429534435272217
-11.732688903999929,-76.26213073699995,0.13429534435272217
-11.731258391999916,-76.26442718499993,0.13429534435272217
-11.730900763999955,-76.26514434799992,0.13429534435272217
-11.73010063199996,-76.26570892299992,0.13429534435272217
-11.729343413999914,-76.26575469999995,0.13429534435272217
-11.728754043999913,-76.2656936649999,0.13429534435272217
-11.727554320999957,-76.2656936649999,0.13429534435272217
-11.726670264999939,-76.26600646999992,0.13429534435272217
-11.725323676999949,-76.2666549679999,0.13429534435272217
-11.724018096999941,-76.26750183099995,0.13429534435272217
-11.723114013999918,-76.26786041299994,0.13429534435272217
-11.722019195999906,-76.26806640599995,0.13429534435272217
-11.720925330999933,-76.2681732179999,0.13429534435272217
-11.720125197999948,-76.26819610599995,0.13429534435272217
-11.71907329599992,-76.26798248299991,0.13429534435272217
-11.718294143999913,-76.26811218299991,0.13429534435272217
-11.717746734999935,-76.26842498799994,0.13429534435272217
-11.717052459999934,-76.26884460399992,0.13429534435272217
-11.715789794999921,-76.26911926299994,0.13429534435272217
-11.71526336699992,-76.26918029799992,0.13429534435272217
-11.714422225999954,-76.26905822799995,0.13429534435272217
-11.713853835999942,-76.26908111599994,0.13429534435272217
-11.712885856999947,-76.26969146699992,0.13429534435272217
-11.712296485999957,-76.2697906489999,0.13429534435272217
-11.711853980999933,-76.26970672599992,0.13429534435272217
-11.71128654499995,-76.2692642209999,0.13429534435272217
-11.710948943999938,-76.2687377929999,0.13429534435272217
-11.710906981999926,-76.26779174799992,0.13429534435272217
-11.710633277999932,-76.26714324999995,0.13429534435272217
-11.709939002999931,-76.2666168209999,0.13429534435272217
-11.708816527999943,-76.26615905799991,0.13429534435272217
-11.707972526999924,-76.2658081049999,0.13429534435272217
-11.707400321999955,-76.26520538299991,0.13429534435272217
-11.706610679999926,-76.26506805399993,0.13429534435272217
-11.705793380999921,-76.26518249499992,0.13429534435272217
-11.705194472999949,-76.26518249499992,0.13429534435272217
-11.704213141999958,-76.26575469999995,0.13429534435272217
-11.70336914099994,-76.26610565199991,0.13429534435272217
-11.702334403999942,-76.26583099399994,0.13429534435272217
-11.701408385999912,-76.26528930699993,0.13429534435272217
-11.699855803999924,-76.2641754149999,0.13429534435272217
-11.698874473999922,-76.2635726929999,0.13429534435272217
-11.697131156999944,-76.26289367699991,0.13429534435272217
-11.695714950999957,-76.26264953599991,0.13429534435272217
-11.694979667999917,-76.26226806599993,0.13429534435272217
-11.694348334999916,-76.26170349099993,0.13429534435272217
-11.693644523999922,-76.26071166999992,0.13429534435272217
-11.692882537999935,-76.26030731199995,0.13429534435272217
-11.69187450399994,-76.2603607179999,0.13429534435272217
-11.691139220999958,-76.25997924799992,0.13429534435272217
-11.69043064099992,-76.25930023199993,0.13429534435272217
-11.689259528999912,-76.2590255739999,0.13429534435272217
-11.687461852999945,-76.25883483899992,0.13429534435272217
-11.686372756999958,-76.25856018099995,0.13429534435272217
-11.685882567999954,-76.25782775899995,0.13429534435272217
-11.685800551999932,-76.25659942599992,0.13429534435272217
-11.68533706699992,-76.25605773899991,0.13429534435272217
-11.684601783999938,-76.25581359899991,0.13429534435272217
-11.684029578999912,-76.25592040999993,0.13429534435272217
-11.683485030999918,-76.25646209699994,0.13429534435272217
-11.683103560999939,-76.25659942599992,0.13429534435272217
-11.682395934999931,-76.25643920899995,0.13429534435272217
-11.682095527999934,-76.25594329799992,0.13429534435272217
-11.681496619999905,-76.25553893999995,0.13429534435272217
-11.680761336999922,-76.25553893999995,0.13429534435272217
-11.680353164999929,-76.25575256299993,0.13429534435272217
-11.679753303999917,-76.25627136199995,0.13429534435272217
-11.678990363999958,-76.25646209699994,0.13429534435272217
-11.677873610999939,-76.25630187999991,0.13429534435272217
-11.676566123999919,-76.25564575199991,0.13429534435272217
-11.675722121999911,-76.25534820599995,0.13429534435272217
-11.674904822999906,-76.25534820599995,0.13429534435272217
-11.673460959999943,-76.25548553499993,0.13429534435272217
-11.672562598999946,-76.25534820599995,0.13429534435272217
-11.670737266999936,-76.25526428199993,0.13429534435272217
-11.669348716999934,-76.25479888899991,0.13429534435272217
-11.66853141799993,-76.25411987299992,0.13429534435272217
-11.667877196999939,-76.25314331099992,0.13429534435272217
-11.66776561699993,-76.25224304199992,0.13429534435272217
-11.666951179999955,-76.25118255599995,0.13429534435272217
-11.666079520999915,-76.24979400599995,0.13429534435272217
-11.665455817999941,-76.24943542499994,0.13429534435272217
-11.664526938999927,-76.24894714399994,0.13429534435272217
-11.663954734999948,-76.2482681269999,0.13429534435272217
-11.663709640999912,-76.24752807599992,0.13429534435272217
-11.663709640999912,-76.24630737299992,0.13429534435272217
-11.66324710799995,-76.24502563499993,0.13429534435272217
-11.662702559999957,-76.24417877199994,0.13429534435272217
-11.662102698999945,-76.24317169199992,0.13429534435272217
-11.66142177599994,-76.24232482899993,0.13429534435272217
-11.660577773999933,-76.24202728299991,0.13429534435272217
-11.659542083999952,-76.24161529499992,0.13429534435272217
-11.658044814999926,-76.24096679699994,0.13429534435272217
-11.657199859999935,-76.24074554399994,0.13429534435272217
-11.656083106999915,-76.24015045199991,0.13429534435272217
-11.655320167999946,-76.23971557599992,0.13429534435272217
-11.654612540999949,-76.23965454099994,0.13429534435272217
-11.654257773999916,-76.23963165299995,0.13429534435272217
-11.653849601999923,-76.2391967769999,0.13429534435272217
-11.652951240999926,-76.23777770999993,0.13429534435272217
-11.65134334599992,-76.2355728149999,0.13429534435272217
-11.650009154999907,-76.23426818799993,0.13429534435272217
-11.64815711999995,-76.23293304399994,0.13429534435272217
-11.646849631999942,-76.23252105699993,0.13429534435272217
-11.645813941999904,-76.23217010499991,0.13429534435272217
-11.644479751999938,-76.23159789999994,0.13429534435272217
-11.641647338999917,-76.2309722899999,0.13429534435272217
-11.639950751999947,-76.23101806599993,0.13429534435272217
-11.638465880999945,-76.2309722899999,0.13429534435272217
-11.636608123999906,-76.2308044429999,0.13429534435272217
-11.635953902999915,-76.23042297399991,0.13429534435272217
-11.635491370999944,-76.23033904999994,0.13429534435272217
-11.635164260999943,-76.23047637899992,0.13429534435272217
-11.632848739999929,-76.23252105699993,0.13429534435272217
-11.630676269999924,-76.23356628399995,0.13429534435272217
-11.629552840999906,-76.23355865499991,0.13429534435272217
-11.627837180999904,-76.23377227799995,0.13429534435272217
-11.62606620799994,-76.23407745399993,0.13429534435272217
-11.624595641999917,-76.23404693599991,0.13429534435272217
-11.623070716999905,-76.23494720499991,0.13429534435272217
-11.622444152999947,-76.23519134499992,0.13429534435272217
-11.621436118999952,-76.23516082799995,0.13429534435272217
-11.620809554999937,-76.2349700929999,0.13429534435272217
-11.61887550399996,-76.23524475099993,0.13429534435272217
-11.614571570999942,-76.2367172239999,0.13429534435272217
-11.608933448999949,-76.2394409179999,0.13429534435272217
-11.606155395999906,-76.24047851599994,0.13429534435272217
-11.605338096999958,-76.24069213899992,0.13429534435272217
-11.60435771899995,-76.24031066899994,0.13429534435272217
-11.603567122999948,-76.23905944799992,0.13429534435272217
-11.602941512999905,-76.23824310299995,0.13429534435272217
-11.60201454199995,-76.23753356899994,0.13429534435272217
-11.601742743999921,-76.23668670699993,0.13429534435272217
-11.601797103999957,-76.23581695599995,0.13429534435272217
-11.601879119999921,-76.23521423299991,0.13429534435272217
-11.602504729999907,-76.23470306399992,0.13429534435272217
-11.60324096699992,-76.23477935799991,0.13429534435272217
-11.604139327999917,-76.23535156299994,0.13429534435272217
-11.605310439999926,-76.23597717299992,0.13429534435272217
-11.60724449199995,-76.23619842499994,0.13429534435272217
-11.610295295999947,-76.23571014399994,0.13429534435272217
-11.61705017099996,-76.23355865499991,0.13429534435272217
-11.620536803999926,-76.2323608399999,0.13429534435272217
-11.62228012099996,-76.2317581179999,0.13429534435272217
-11.624786376999907,-76.23052978499993,0.13429534435272217
-11.627019881999956,-76.22952270499991,0.13429534435272217
-11.62846374499992,-76.22911834699994,0.13429534435272217
-11.629607200999942,-76.22887420699993,0.13429534435272217
-11.630261420999943,-76.22870635999993,0.13429534435272217
-11.630642890999923,-76.22811126699992,0.13429534435272217
-11.630452155999933,-76.22669219999995,0.13429534435272217
-11.629689216999907,-76.2251129149999,0.13429534435272217
-11.628817557999923,-76.22364044199992,0.13429534435272217
-11.627809524999918,-76.22315216099992,0.13429534435272217
-11.625439643999925,-76.22271728499993,0.13429534435272217
-11.62337017099992,-76.22235870399993,0.13429534435272217
-11.622362136999925,-76.22176361099991,0.13429534435272217
-11.620809554999937,-76.2205123899999,0.13429534435272217
-11.619556426999907,-76.21955871599994,0.13429534435272217
-11.615797996999959,-76.21564483599991,0.13429534435272217
-11.614295005999907,-76.21385192899993,0.13429534435272217
-11.612493514999926,-76.21231841999992,0.13429534435272217
-11.61071109799991,-76.21038818399995,0.13429534435272217
-11.609652518999951,-76.20836639399994,0.13429534435272217
-11.60886096999991,-76.20722198499993,0.13429534435272217
-11.608219146999943,-76.2062911989999,0.13429534435272217
-11.60726737999994,-76.20510101299993,0.13429534435272217
-11.606576919999952,-76.2041549679999,0.13429534435272217
-11.605625152999949,-76.20367431599993,0.13429534435272217
-11.604958533999934,-76.20269775399993,0.13429534435272217
-11.604458808999937,-76.2012023929999,0.13429534435272217
-11.604411124999956,-76.20015716599994,0.13429534435272217
-11.605077743999914,-76.19867706299993,0.13429534435272217
-11.606053351999947,-76.19839477499994,0.13429534435272217
-11.607457160999957,-76.1982955929999,0.13429534435272217
-11.608171462999906,-76.19792175299995,0.13429534435272217
-11.608338355999933,-76.19727325399992,0.13429534435272217
-11.608361243999923,-76.19608306899994,0.13429534435272217
-11.608266829999934,-76.19506072999991,0.13429534435272217
-11.60845661199994,-76.19429779099994,0.13429534435272217
-11.609266280999918,-76.19254302999991,0.13429534435272217
-11.62355518299995,-75.99559020999993,0.13429534435272217
-11.623346328999958,-75.99791717499994,0.13429534435272217
-11.623285293999913,-75.99871063199993,0.13429534435272217
-11.62315654799994,-75.9999923709999,0.13429534435272217
-11.623050689999957,-76.00117492699991,0.13429534435272217
-11.622982978999914,-76.00243377699991,0.13429534435272217
-11.622805594999932,-76.00344848599991,0.13429534435272217
-11.622671126999933,-76.00439453099995,0.13429534435272217
-11.62237358099992,-76.00571441699992,0.13429534435272217
-11.622184752999942,-76.00757598899992,0.13429534435272217
-11.62180709799992,-76.0098724369999,0.13429534435272217
-11.621367454999927,-76.01192474399994,0.13429534435272217
-11.62104988099992,-76.01469421399992,0.13429534435272217
-11.620992660999946,-76.01611328099995,0.13429534435272217
-11.620862006999914,-76.01932525599995,0.13429534435272217
-11.620592116999944,-76.02043151899994,0.13429534435272217
-11.620673179999926,-76.02156829799992,0.13429534435272217
-11.620565413999941,-76.0221557619999,0.13429534435272217
-11.620160102999932,-76.02310180699993,0.13429534435272217
-11.619916915999909,-76.02407836899994,0.13429534435272217
-11.619809150999913,-76.02539825399992,0.13429534435272217
-11.619997977999958,-76.0265884399999,0.13429534435272217
-11.620456695999906,-76.02783203099995,0.13429534435272217
-11.620727538999915,-76.0290679929999,0.13429534435272217
-11.62091636699995,-76.03015136699992,0.13429534435272217
-11.621334075999926,-76.03165435799991,0.13429534435272217
-11.621845244999918,-76.03264617899993,0.13429534435272217
-11.622212409999918,-76.03360748299991,0.13429534435272217
-11.622697829999936,-76.03476715099993,0.13429534435272217
-11.623508452999943,-76.03690338099995,0.13429534435272217
-11.624533652999958,-76.03889465299994,0.13429534435272217
-11.625829696999915,-76.04041290299995,0.13429534435272217
-11.625991820999957,-76.04159545899995,0.13429534435272217
-11.625802993999912,-76.04267883299991,0.13429534435272217
-11.626180648999934,-76.0439224239999,0.13429534435272217
-11.626478194999947,-76.04489135699993,0.13429534435272217
-11.626991271999941,-76.04645538299991,0.13429534435272217
-11.627557754999941,-76.04783630399993,0.13429534435272217
-11.628259658999923,-76.04931640599995,0.13429534435272217
-11.629096984999933,-76.05107116699992,0.13429534435272217
-11.630176543999937,-76.05290985099992,0.13429534435272217
-11.630959510999958,-76.05426025399993,0.13429534435272217
-11.632309913999904,-76.0560150149999,0.13429534435272217
-11.63333606699996,-76.05736541699991,0.13429534435272217
-11.634523391999949,-76.05941772499995,0.13429534435272217
-11.635298728999942,-76.06063079799992,0.13429534435272217
-11.635954856999945,-76.06160736099991,0.13429534435272217
-11.636981009999943,-76.06306457499994,0.13429534435272217
-11.637871741999959,-76.06441497799995,0.13429534435272217
-11.638669967999931,-76.0657424929999,0.13429534435272217
-11.639877318999936,-76.0670013429999,0.13429534435272217
-11.64053535499994,-76.0676574709999,0.13429534435272217
-11.641264914999908,-76.06822967499994,0.13429534435272217
-11.642474173999915,-76.0688781739999,0.13429534435272217
-11.64420795399991,-76.06948852499994,0.13429534435272217
-11.646040915999947,-76.07022094699994,0.13429534435272217
-11.647710799999913,-76.07103729199991,0.13429534435272217
-11.648622512999907,-76.07158660899995,0.13429534435272217
-11.649966239999912,-76.07235717799995,0.13429534435272217
-11.65111255599993,-76.07288360599995,0.13429534435272217
-11.65296268499992,-76.07401275599995,0.13429534435272217
-11.654125213999919,-76.07493591299993,0.13429534435272217
-11.655188559999942,-76.07600402799994,0.13429534435272217
-11.656052588999955,-76.07688140899995,0.13429534435272217
-11.657008170999916,-76.0777816769999,0.13429534435272217
-11.657864570999948,-76.07846832299992,0.13429534435272217
-11.65875720999992,-76.07918548599991,0.13429534435272217
-11.659964560999924,-76.08023071299993,0.13429534435272217
-11.660739898999907,-76.08128356899994,0.13429534435272217
-11.661766051999905,-76.08252716099992,0.13429534435272217
-11.66280841799994,-76.08377075199991,0.13429534435272217
-11.664006232999952,-76.08509063699995,0.13429534435272217
-11.664654731999917,-76.08641815199991,0.13429534435272217
-11.665141105999908,-76.08733367899993,0.13429534435272217
-11.665896415999953,-76.0882263179999,0.13429534435272217
-11.667139052999914,-76.0891418459999,0.13429534435272217
-11.668299674999957,-76.08979034399994,0.13429534435272217
-11.66945743599996,-76.09024047899993,0.13429534435272217
-11.67008317099993,-76.09046151799993,0.13429534435272217
-11.670558928999924,-76.09062957799995,0.13429534435272217
-11.671767234999948,-76.09146881099991,0.13429534435272217
-11.67239761399992,-76.09217834499992,0.13429534435272217
-11.673126220999904,-76.09314727799995,0.13429534435272217
-11.673774718999937,-76.09387969999995,0.13429534435272217
-11.674713134999934,-76.09447479199991,0.13429534435272217
-11.67599391899995,-76.09481048599991,0.13429534435272217
-11.676857947999906,-76.09527587899993,0.13429534435272217
-11.677934646999915,-76.09601592999991,0.13429534435272217
-11.678659438999944,-76.09626769999994,0.13429534435272217
-11.680020331999913,-76.0967483519999,0.13429534435272217
-11.681022643999938,-76.09730529799992,0.13429534435272217
-11.681794166999907,-76.0980834959999,0.13429534435272217
-11.681959151999934,-76.0982513429999,0.13429534435272217
-11.682581901999924,-76.09886169399994,0.13429534435272217
-11.682528495999918,-76.09972381599994,0.13429534435272217
-11.682770728999913,-76.10040283199993,0.13429534435272217
-11.683445929999948,-76.10089111299993,0.13429534435272217
-11.684741973999905,-76.10140228299991,0.13429534435272217
-11.685173987999917,-76.10175323499993,0.13429534435272217
-11.68528175399996,-76.1025924679999,0.13429534435272217
-11.685470580999947,-76.1032104489999,0.13429534435272217
-11.685794829999907,-76.1036987299999,0.13429534435272217
-11.68652439099992,-76.10391235399993,0.13429534435272217
-11.68722629499996,-76.10445404099994,0.13429534435272217
-11.687252997999906,-76.10504913299991,0.13429534435272217
-11.687169074999929,-76.10588836699992,0.13429534435272217
-11.68749618499993,-76.10636901899994,0.13429534435272217
-11.688522338999917,-76.10720825199991,0.13429534435272217
-11.69030380199996,-76.10861206099992,0.13429534435272217
-11.692031859999929,-76.10971832299992,0.13429534435272217
-11.693327903999943,-76.1106643679999,0.13429534435272217
-11.694515227999943,-76.11114501999992,0.13429534435272217
-11.695784568999954,-76.11117553699995,0.13429534435272217
-11.69672965999996,-76.11157989499992,0.13429534435272217
-11.697512626999924,-76.1120147709999,0.13429534435272217
-11.697863578999943,-76.11266326899994,0.13429534435272217
-11.697890281999946,-76.11403655999993,0.13429534435272217
-11.697917937999932,-76.11470794699994,0.13429534435272217
-11.698052405999931,-76.11524963399995,0.13429534435272217
-11.698484420999932,-76.1157379149999,0.13429534435272217
-11.698538779999922,-76.11633300799991,0.13429534435272217
-11.69783687599994,-76.1168441769999,0.13429534435272217
-11.697323798999946,-76.11735534699994,0.13429534435272217
-11.696567534999929,-76.11805725099993,0.13429534435272217
-11.695973395999943,-76.11889648399995,0.13429534435272217
-11.694839477999949,-76.1200561519999,0.13429534435272217
-11.693220138999948,-76.1216506959999,0.13429534435272217
-11.691924094999933,-76.12278747599993,0.13429534435272217
-11.691788672999905,-76.12348937999991,0.13429534435272217
-11.691464423999946,-76.12467193599991,0.13429534435272217
-11.690600394999933,-76.1259155269999,0.13429534435272217
-11.689790725999956,-76.12683105499991,0.13429534435272217
-11.68884563399996,-76.1279449459999,0.13429534435272217
-11.687279700999909,-76.12966918899991,0.13429534435272217
-11.686794280999948,-76.12988281299994,0.13429534435272217
-11.686013221999929,-76.13004302999991,0.13429534435272217
-11.685222625999927,-76.1309661869999,0.13429534435272217
-11.68463420899991,-76.1325836179999,0.13429534435272217
-11.684309958999904,-76.13347625699993,0.13429534435272217
-11.68374347699995,-76.13374328599991,0.13429534435272217
-11.682760238999947,-76.13397979699994,0.13429534435272217
-11.681745528999954,-76.1344985959999,0.13429534435272217
-11.681151389999911,-76.13507080099993,0.13429534435272217
-11.680772780999916,-76.13577270499991,0.13429534435272217
-11.680368422999948,-76.1365280149999,0.13429534435272217
-11.67912578599993,-76.13760375999993,0.13429534435272217
-11.677289962999907,-76.1395492549999,0.13429534435272217
-11.675940513999933,-76.14111328099995,0.13429534435272217
-11.675292014999911,-76.14214324999995,0.13429534435272217
-11.67423915899991,-76.14376068099995,0.13429534435272217
-11.673563956999942,-76.14549255399993,0.13429534435272217
-11.672889708999946,-76.14702606199995,0.13429534435272217
-11.672214507999911,-76.1484298709999,0.13429534435272217
-11.671269416999905,-76.14989471399991,0.13429534435272217
-11.670756339999912,-76.15105438199993,0.13429534435272217
-11.670756339999912,-76.15291595499991,0.13429534435272217
-11.67054080999992,-76.15351104699994,0.13429534435272217
-11.669865607999952,-76.15421295199991,0.13429534435272217
-11.669136046999938,-76.15518188499993,0.13429534435272217
-11.668083190999937,-76.15674591099992,0.13429534435272217
-11.66697692899993,-76.15798950199991,0.13429534435272217
-11.666275023999958,-76.1587219239999,0.13429534435272217
-11.665977477999945,-76.15950012199994,0.13429534435272217
-11.665761947999954,-76.16049957299992,0.13429534435272217
-11.665060042999926,-76.16177368199993,0.13429534435272217
-11.664087295999934,-76.16271972699991,0.13429534435272217
-11.663466453999945,-76.1634750369999,0.13429534435272217
-11.663088798999922,-76.1644134519999,0.13429534435272217
-11.663250922999907,-76.16660308799993,0.13429534435272217
-11.663566588999913,-76.16728210399992,0.13429534435272217
-11.663790702999961,-76.1677932739999,0.13429534435272217
-11.664573668999935,-76.1691665649999,0.13429534435272217
-11.665141105999908,-76.17003631599994,0.13429534435272217
-11.665896415999953,-76.1709518429999,0.13429534435272217
-11.666490554999939,-76.17170715299994,0.13429534435272217
-11.666517257999942,-76.17262268099995,0.13429534435272217
-11.665950774999942,-76.17330169699994,0.13429534435272217
-11.665275573999907,-76.1734313959999,0.13429534435272217
-11.664519309999946,-76.17340850799991,0.13429534435272217
-11.663331984999957,-76.17265319799992,0.13429534435272217
-11.662630080999918,-76.1718673709999,0.13429534435272217
-11.661766051999905,-76.17105865499991,0.13429534435272217
-11.66049671199994,-76.1693344119999,0.13429534435272217
-11.659956931999943,-76.16790008499993,0.13429534435272217
-11.659632682999927,-76.16654968299991,0.13429534435272217
-11.659281730999908,-76.1650924679999,0.13429534435272217
-11.658985137999935,-76.1645812989999,0.13429534435272217
-11.65860652899994,-76.16393279999994,0.13429534435272217
-11.658121108999921,-76.16365814199992,0.13429534435272217
-11.657257079999908,-76.16374206499995,0.13429534435272217
-11.65623092699991,-76.16406249999994,0.13429534435272217
-11.654314040999907,-76.16449737499994,0.13429534435272217
-11.653099059999931,-76.16487884499992,0.13429534435272217
-11.652531623999948,-76.16503906299994,0.13429534435272217
-11.651820182999927,-76.16564178499993,0.13429534435272217
-11.651056289999929,-76.16652679399994,0.13429534435272217
-11.649967193999942,-76.16765594499992,0.13429534435272217
-11.648778914999923,-76.16873931899994,0.13429534435272217
-11.647837638999931,-76.16947174099994,0.13429534435272217
-11.647243499999945,-76.17017364499992,0.13429534435272217
-11.64608192399993,-76.17127990699993,0.13429534435272217
-11.644847869999921,-76.17228698699995,0.13429534435272217
-11.643441199999927,-76.17325591999992,0.13429534435272217
-11.64221000699996,-76.17453002899992,0.13429534435272217
-11.641648292999946,-76.1756057739999,0.13429534435272217
-11.641238212999951,-76.17606353799994,0.13429534435272217
-11.639899253999943,-76.17684173599991,0.13429534435272217
-11.638797759999932,-76.17757415799991,0.13429534435272217
-11.638214110999911,-76.17809295699993,0.13429534435272217
-11.637155532999941,-76.17848205599995,0.13429534435272217
-11.636291503999928,-76.17927551299994,0.13429534435272217
-11.635427474999915,-76.17984008799993,0.13429534435272217
-11.634757995999905,-76.18001556399992,0.13429534435272217
-11.633159636999949,-76.18087768599992,0.13429534435272217
-11.632727622999937,-76.18131256099991,0.13429534435272217
-11.632230758999924,-76.1813735959999,0.13429534435272217
-11.631907462999948,-76.18139648399995,0.13429534435272217
-11.631216048999931,-76.1818237299999,0.13429534435272217
-11.630611419999923,-76.1822357179999,0.13429534435272217
-11.630071639999926,-76.1822357179999,0.13429534435272217
-11.629768371999944,-76.18202209499992,0.13429534435272217
-11.629509925999912,-76.18184661899994,0.13429534435272217
-11.628948211999955,-76.18195342999991,0.13429534435272217
-11.628537177999931,-76.18225860599995,0.13429534435272217
-11.628041266999958,-76.18254089399994,0.13429534435272217
-11.62743568399992,-76.18284606899994,0.13429534435272217
-11.62698268899993,-76.18295288099995,0.13429534435272217
-11.62655067399993,-76.1828002929999,0.13429534435272217
-11.626055716999929,-76.18284606899994,0.13429534435272217
-11.625751494999918,-76.18299102799995,0.13429534435272217
-11.625297545999956,-76.18331909199992,0.13429534435272217
-11.624650001999953,-76.18383789099994,0.13429534435272217
-11.62356948899992,-76.18472289999994,0.13429534435272217
-11.62253284499991,-76.18517303499993,0.13429534435272217
-11.621409415999949,-76.18569183299991,0.13429534435272217
-11.620413779999922,-76.18624877899992,0.13429534435272217
-11.619343757999957,-76.18714141799995,0.13429534435272217
-11.618126868999923,-76.18821716299993,0.13429534435272217
-11.61701011699995,-76.18943786599993,0.13429534435272217
-11.615719794999904,-76.19091033899991,0.13429534435272217
-11.614263534999907,-76.19358825699993,0.13429534435272217
-11.61339664499991,-76.19452667199994,0.13429534435272217
-11.612489699999912,-76.1947250369999,0.13429534435272217
-11.611906051999938,-76.19441986099991,0.13429534435272217
-11.610804557999927,-76.19320678699995,0.13429534435272217
-11.610005378999915,-76.19267272899992,0.13429534435272217
-11.609266280999918,-76.19254302999991,0.13429534435272217
